Date,BIL
1/2/1998,
1/5/1998,
1/6/1998,
1/7/1998,
1/8/1998,
1/9/1998,
1/12/1998,
1/13/1998,
1/14/1998,
1/15/1998,
1/16/1998,
1/20/1998,
1/21/1998,
1/22/1998,
1/23/1998,
1/26/1998,
1/27/1998,
1/28/1998,
1/29/1998,
1/30/1998,
2/2/1998,
2/3/1998,
2/4/1998,
2/5/1998,
2/6/1998,
2/9/1998,
2/10/1998,
2/11/1998,
2/12/1998,
2/13/1998,
2/17/1998,
2/18/1998,
2/19/1998,
2/20/1998,
2/23/1998,
2/24/1998,
2/25/1998,
2/26/1998,
2/27/1998,
3/2/1998,
3/3/1998,
3/4/1998,
3/5/1998,
3/6/1998,
3/9/1998,
3/10/1998,
3/11/1998,
3/12/1998,
3/13/1998,
3/16/1998,
3/17/1998,
3/18/1998,
3/19/1998,
3/20/1998,
3/23/1998,
3/24/1998,
3/25/1998,
3/26/1998,
3/27/1998,
3/30/1998,
3/31/1998,
4/1/1998,
4/2/1998,
4/3/1998,
4/6/1998,
4/7/1998,
4/8/1998,
4/9/1998,
4/13/1998,
4/14/1998,
4/15/1998,
4/16/1998,
4/17/1998,
4/20/1998,
4/21/1998,
4/22/1998,
4/23/1998,
4/24/1998,
4/27/1998,
4/28/1998,
4/29/1998,
4/30/1998,
5/1/1998,
5/4/1998,
5/5/1998,
5/6/1998,
5/7/1998,
5/8/1998,
5/11/1998,
5/12/1998,
5/13/1998,
5/14/1998,
5/15/1998,
5/18/1998,
5/19/1998,
5/20/1998,
5/21/1998,
5/22/1998,
5/26/1998,
5/27/1998,
5/28/1998,
5/29/1998,
6/1/1998,
6/2/1998,
6/3/1998,
6/4/1998,
6/5/1998,
6/8/1998,
6/9/1998,
6/10/1998,
6/11/1998,
6/12/1998,
6/15/1998,
6/16/1998,
6/17/1998,
6/18/1998,
6/19/1998,
6/22/1998,
6/23/1998,
6/24/1998,
6/25/1998,
6/26/1998,
6/29/1998,
6/30/1998,
7/1/1998,
7/2/1998,
7/6/1998,
7/7/1998,
7/8/1998,
7/9/1998,
7/10/1998,
7/13/1998,
7/14/1998,
7/15/1998,
7/16/1998,
7/17/1998,
7/20/1998,
7/21/1998,
7/22/1998,
7/23/1998,
7/24/1998,
7/27/1998,
7/28/1998,
7/29/1998,
7/30/1998,
7/31/1998,
8/3/1998,
8/4/1998,
8/5/1998,
8/6/1998,
8/7/1998,
8/10/1998,
8/11/1998,
8/12/1998,
8/13/1998,
8/14/1998,
8/17/1998,
8/18/1998,
8/19/1998,
8/20/1998,
8/21/1998,
8/24/1998,
8/25/1998,
8/26/1998,
8/27/1998,
8/28/1998,
8/31/1998,
9/1/1998,
9/2/1998,
9/3/1998,
9/4/1998,
9/8/1998,
9/9/1998,
9/10/1998,
9/11/1998,
9/14/1998,
9/15/1998,
9/16/1998,
9/17/1998,
9/18/1998,
9/21/1998,
9/22/1998,
9/23/1998,
9/24/1998,
9/25/1998,
9/28/1998,
9/29/1998,
9/30/1998,
10/1/1998,
10/2/1998,
10/5/1998,
10/6/1998,
10/7/1998,
10/8/1998,
10/9/1998,
10/12/1998,
10/13/1998,
10/14/1998,
10/15/1998,
10/16/1998,
10/19/1998,
10/20/1998,
10/21/1998,
10/22/1998,
10/23/1998,
10/26/1998,
10/27/1998,
10/28/1998,
10/29/1998,
10/30/1998,
11/2/1998,
11/3/1998,
11/4/1998,
11/5/1998,
11/6/1998,
11/9/1998,
11/10/1998,
11/11/1998,
11/12/1998,
11/13/1998,
11/16/1998,
11/17/1998,
11/18/1998,
11/19/1998,
11/20/1998,
11/23/1998,
11/24/1998,
11/25/1998,
11/27/1998,
11/30/1998,
12/1/1998,
12/2/1998,
12/3/1998,
12/4/1998,
12/7/1998,
12/8/1998,
12/9/1998,
12/10/1998,
12/11/1998,
12/14/1998,
12/15/1998,
12/16/1998,
12/17/1998,
12/18/1998,
12/21/1998,
12/22/1998,
12/23/1998,
12/24/1998,
12/28/1998,
12/29/1998,
12/30/1998,
12/31/1998,
1/4/1999,
1/5/1999,
1/6/1999,
1/7/1999,
1/8/1999,
1/11/1999,
1/12/1999,
1/13/1999,
1/14/1999,
1/15/1999,
1/19/1999,
1/20/1999,
1/21/1999,
1/22/1999,
1/25/1999,
1/26/1999,
1/27/1999,
1/28/1999,
1/29/1999,
2/1/1999,
2/2/1999,
2/3/1999,
2/4/1999,
2/5/1999,
2/8/1999,
2/9/1999,
2/10/1999,
2/11/1999,
2/12/1999,
2/16/1999,
2/17/1999,
2/18/1999,
2/19/1999,
2/22/1999,
2/23/1999,
2/24/1999,
2/25/1999,
2/26/1999,
3/1/1999,
3/2/1999,
3/3/1999,
3/4/1999,
3/5/1999,
3/8/1999,
3/9/1999,
3/10/1999,
3/11/1999,
3/12/1999,
3/15/1999,
3/16/1999,
3/17/1999,
3/18/1999,
3/19/1999,
3/22/1999,
3/23/1999,
3/24/1999,
3/25/1999,
3/26/1999,
3/29/1999,
3/30/1999,
3/31/1999,
4/1/1999,
4/5/1999,
4/6/1999,
4/7/1999,
4/8/1999,
4/9/1999,
4/12/1999,
4/13/1999,
4/14/1999,
4/15/1999,
4/16/1999,
4/19/1999,
4/20/1999,
4/21/1999,
4/22/1999,
4/23/1999,
4/26/1999,
4/27/1999,
4/28/1999,
4/29/1999,
4/30/1999,
5/3/1999,
5/4/1999,
5/5/1999,
5/6/1999,
5/7/1999,
5/10/1999,
5/11/1999,
5/12/1999,
5/13/1999,
5/14/1999,
5/17/1999,
5/18/1999,
5/19/1999,
5/20/1999,
5/21/1999,
5/24/1999,
5/25/1999,
5/26/1999,
5/27/1999,
5/28/1999,
6/1/1999,
6/2/1999,
6/3/1999,
6/4/1999,
6/7/1999,
6/8/1999,
6/9/1999,
6/10/1999,
6/11/1999,
6/14/1999,
6/15/1999,
6/16/1999,
6/17/1999,
6/18/1999,
6/21/1999,
6/22/1999,
6/23/1999,
6/24/1999,
6/25/1999,
6/28/1999,
6/29/1999,
6/30/1999,
7/1/1999,
7/2/1999,
7/6/1999,
7/7/1999,
7/8/1999,
7/9/1999,
7/12/1999,
7/13/1999,
7/14/1999,
7/15/1999,
7/16/1999,
7/19/1999,
7/20/1999,
7/21/1999,
7/22/1999,
7/23/1999,
7/26/1999,
7/27/1999,
7/28/1999,
7/29/1999,
7/30/1999,
8/2/1999,
8/3/1999,
8/4/1999,
8/5/1999,
8/6/1999,
8/9/1999,
8/10/1999,
8/11/1999,
8/12/1999,
8/13/1999,
8/16/1999,
8/17/1999,
8/18/1999,
8/19/1999,
8/20/1999,
8/23/1999,
8/24/1999,
8/25/1999,
8/26/1999,
8/27/1999,
8/30/1999,
8/31/1999,
9/1/1999,
9/2/1999,
9/3/1999,
9/7/1999,
9/8/1999,
9/9/1999,
9/10/1999,
9/13/1999,
9/14/1999,
9/15/1999,
9/16/1999,
9/17/1999,
9/20/1999,
9/21/1999,
9/22/1999,
9/23/1999,
9/24/1999,
9/27/1999,
9/28/1999,
9/29/1999,
9/30/1999,
10/1/1999,
10/4/1999,
10/5/1999,
10/6/1999,
10/7/1999,
10/8/1999,
10/11/1999,
10/12/1999,
10/13/1999,
10/14/1999,
10/15/1999,
10/18/1999,
10/19/1999,
10/20/1999,
10/21/1999,
10/22/1999,
10/25/1999,
10/26/1999,
10/27/1999,
10/28/1999,
10/29/1999,
11/1/1999,
11/2/1999,
11/3/1999,
11/4/1999,
11/5/1999,
11/8/1999,
11/9/1999,
11/10/1999,
11/11/1999,
11/12/1999,
11/15/1999,
11/16/1999,
11/17/1999,
11/18/1999,
11/19/1999,
11/22/1999,
11/23/1999,
11/24/1999,
11/26/1999,
11/29/1999,
11/30/1999,
12/1/1999,
12/2/1999,
12/3/1999,
12/6/1999,
12/7/1999,
12/8/1999,
12/9/1999,
12/10/1999,
12/13/1999,
12/14/1999,
12/15/1999,
12/16/1999,
12/17/1999,
12/20/1999,
12/21/1999,
12/22/1999,
12/23/1999,
12/27/1999,
12/28/1999,
12/29/1999,
12/30/1999,
12/31/1999,
1/3/2000,
1/4/2000,
1/5/2000,
1/6/2000,
1/7/2000,
1/10/2000,
1/11/2000,
1/12/2000,
1/13/2000,
1/14/2000,
1/18/2000,
1/19/2000,
1/20/2000,
1/21/2000,
1/24/2000,
1/25/2000,
1/26/2000,
1/27/2000,
1/28/2000,
1/31/2000,
2/1/2000,
2/2/2000,
2/3/2000,
2/4/2000,
2/7/2000,
2/8/2000,
2/9/2000,
2/10/2000,
2/11/2000,
2/14/2000,
2/15/2000,
2/16/2000,
2/17/2000,
2/18/2000,
2/22/2000,
2/23/2000,
2/24/2000,
2/25/2000,
2/28/2000,
2/29/2000,
3/1/2000,
3/2/2000,
3/3/2000,
3/6/2000,
3/7/2000,
3/8/2000,
3/9/2000,
3/10/2000,
3/13/2000,
3/14/2000,
3/15/2000,
3/16/2000,
3/17/2000,
3/20/2000,
3/21/2000,
3/22/2000,
3/23/2000,
3/24/2000,
3/27/2000,
3/28/2000,
3/29/2000,
3/30/2000,
3/31/2000,
4/3/2000,
4/4/2000,
4/5/2000,
4/6/2000,
4/7/2000,
4/10/2000,
4/11/2000,
4/12/2000,
4/13/2000,
4/14/2000,
4/17/2000,
4/18/2000,
4/19/2000,
4/20/2000,
4/24/2000,
4/25/2000,
4/26/2000,
4/27/2000,
4/28/2000,
5/1/2000,
5/2/2000,
5/3/2000,
5/4/2000,
5/5/2000,
5/8/2000,
5/9/2000,
5/10/2000,
5/11/2000,
5/12/2000,
5/15/2000,
5/16/2000,
5/17/2000,
5/18/2000,
5/19/2000,
5/22/2000,
5/23/2000,
5/24/2000,
5/25/2000,
5/26/2000,
5/30/2000,
5/31/2000,
6/1/2000,
6/2/2000,
6/5/2000,
6/6/2000,
6/7/2000,
6/8/2000,
6/9/2000,
6/12/2000,
6/13/2000,
6/14/2000,
6/15/2000,
6/16/2000,
6/19/2000,
6/20/2000,
6/21/2000,
6/22/2000,
6/23/2000,
6/26/2000,
6/27/2000,
6/28/2000,
6/29/2000,
6/30/2000,
7/3/2000,
7/5/2000,
7/6/2000,
7/7/2000,
7/10/2000,
7/11/2000,
7/12/2000,
7/13/2000,
7/14/2000,
7/17/2000,
7/18/2000,
7/19/2000,
7/20/2000,
7/21/2000,
7/24/2000,
7/25/2000,
7/26/2000,
7/27/2000,
7/28/2000,
7/31/2000,
8/1/2000,
8/2/2000,
8/3/2000,
8/4/2000,
8/7/2000,
8/8/2000,
8/9/2000,
8/10/2000,
8/11/2000,
8/14/2000,
8/15/2000,
8/16/2000,
8/17/2000,
8/18/2000,
8/21/2000,
8/22/2000,
8/23/2000,
8/24/2000,
8/25/2000,
8/28/2000,
8/29/2000,
8/30/2000,
8/31/2000,
9/1/2000,
9/5/2000,
9/6/2000,
9/7/2000,
9/8/2000,
9/11/2000,
9/12/2000,
9/13/2000,
9/14/2000,
9/15/2000,
9/18/2000,
9/19/2000,
9/20/2000,
9/21/2000,
9/22/2000,
9/25/2000,
9/26/2000,
9/27/2000,
9/28/2000,
9/29/2000,
10/2/2000,
10/3/2000,
10/4/2000,
10/5/2000,
10/6/2000,
10/9/2000,
10/10/2000,
10/11/2000,
10/12/2000,
10/13/2000,
10/16/2000,
10/17/2000,
10/18/2000,
10/19/2000,
10/20/2000,
10/23/2000,
10/24/2000,
10/25/2000,
10/26/2000,
10/27/2000,
10/30/2000,
10/31/2000,
11/1/2000,
11/2/2000,
11/3/2000,
11/6/2000,
11/7/2000,
11/8/2000,
11/9/2000,
11/10/2000,
11/13/2000,
11/14/2000,
11/15/2000,
11/16/2000,
11/17/2000,
11/20/2000,
11/21/2000,
11/22/2000,
11/24/2000,
11/27/2000,
11/28/2000,
11/29/2000,
11/30/2000,
12/1/2000,
12/4/2000,
12/5/2000,
12/6/2000,
12/7/2000,
12/8/2000,
12/11/2000,
12/12/2000,
12/13/2000,
12/14/2000,
12/15/2000,
12/18/2000,
12/19/2000,
12/20/2000,
12/21/2000,
12/22/2000,
12/26/2000,
12/27/2000,
12/28/2000,
12/29/2000,
1/2/2001,
1/3/2001,
1/4/2001,
1/5/2001,
1/8/2001,
1/9/2001,
1/10/2001,
1/11/2001,
1/12/2001,
1/16/2001,
1/17/2001,
1/18/2001,
1/19/2001,
1/22/2001,
1/23/2001,
1/24/2001,
1/25/2001,
1/26/2001,
1/29/2001,
1/30/2001,
1/31/2001,
2/1/2001,
2/2/2001,
2/5/2001,
2/6/2001,
2/7/2001,
2/8/2001,
2/9/2001,
2/12/2001,
2/13/2001,
2/14/2001,
2/15/2001,
2/16/2001,
2/20/2001,
2/21/2001,
2/22/2001,
2/23/2001,
2/26/2001,
2/27/2001,
2/28/2001,
3/1/2001,
3/2/2001,
3/5/2001,
3/6/2001,
3/7/2001,
3/8/2001,
3/9/2001,
3/12/2001,
3/13/2001,
3/14/2001,
3/15/2001,
3/16/2001,
3/19/2001,
3/20/2001,
3/21/2001,
3/22/2001,
3/23/2001,
3/26/2001,
3/27/2001,
3/28/2001,
3/29/2001,
3/30/2001,
4/2/2001,
4/3/2001,
4/4/2001,
4/5/2001,
4/6/2001,
4/9/2001,
4/10/2001,
4/11/2001,
4/12/2001,
4/16/2001,
4/17/2001,
4/18/2001,
4/19/2001,
4/20/2001,
4/23/2001,
4/24/2001,
4/25/2001,
4/26/2001,
4/27/2001,
4/30/2001,
5/1/2001,
5/2/2001,
5/3/2001,
5/4/2001,
5/7/2001,
5/8/2001,
5/9/2001,
5/10/2001,
5/11/2001,
5/14/2001,
5/15/2001,
5/16/2001,
5/17/2001,
5/18/2001,
5/21/2001,
5/22/2001,
5/23/2001,
5/24/2001,
5/25/2001,
5/29/2001,
5/30/2001,
5/31/2001,
6/1/2001,
6/4/2001,
6/5/2001,
6/6/2001,
6/7/2001,
6/8/2001,
6/11/2001,
6/12/2001,
6/13/2001,
6/14/2001,
6/15/2001,
6/18/2001,
6/19/2001,
6/20/2001,
6/21/2001,
6/22/2001,
6/25/2001,
6/26/2001,
6/27/2001,
6/28/2001,
6/29/2001,
7/2/2001,
7/3/2001,
7/5/2001,
7/6/2001,
7/9/2001,
7/10/2001,
7/11/2001,
7/12/2001,
7/13/2001,
7/16/2001,
7/17/2001,
7/18/2001,
7/19/2001,
7/20/2001,
7/23/2001,
7/24/2001,
7/25/2001,
7/26/2001,
7/27/2001,
7/30/2001,
7/31/2001,
8/1/2001,
8/2/2001,
8/3/2001,
8/6/2001,
8/7/2001,
8/8/2001,
8/9/2001,
8/10/2001,
8/13/2001,
8/14/2001,
8/15/2001,
8/16/2001,
8/17/2001,
8/20/2001,
8/21/2001,
8/22/2001,
8/23/2001,
8/24/2001,
8/27/2001,
8/28/2001,
8/29/2001,
8/30/2001,
8/31/2001,
9/4/2001,
9/5/2001,
9/6/2001,
9/7/2001,
9/10/2001,
9/17/2001,
9/18/2001,
9/19/2001,
9/20/2001,
9/21/2001,
9/24/2001,
9/25/2001,
9/26/2001,
9/27/2001,
9/28/2001,
10/1/2001,
10/2/2001,
10/3/2001,
10/4/2001,
10/5/2001,
10/8/2001,
10/9/2001,
10/10/2001,
10/11/2001,
10/12/2001,
10/15/2001,
10/16/2001,
10/17/2001,
10/18/2001,
10/19/2001,
10/22/2001,
10/23/2001,
10/24/2001,
10/25/2001,
10/26/2001,
10/29/2001,
10/30/2001,
10/31/2001,
11/1/2001,
11/2/2001,
11/5/2001,
11/6/2001,
11/7/2001,
11/8/2001,
11/9/2001,
11/12/2001,
11/13/2001,
11/14/2001,
11/15/2001,
11/16/2001,
11/19/2001,
11/20/2001,
11/21/2001,
11/23/2001,
11/26/2001,
11/27/2001,
11/28/2001,
11/29/2001,
11/30/2001,
12/3/2001,
12/4/2001,
12/5/2001,
12/6/2001,
12/7/2001,
12/10/2001,
12/11/2001,
12/12/2001,
12/13/2001,
12/14/2001,
12/17/2001,
12/18/2001,
12/19/2001,
12/20/2001,
12/21/2001,
12/24/2001,
12/26/2001,
12/27/2001,
12/28/2001,
12/31/2001,
1/2/2002,
1/3/2002,
1/4/2002,
1/7/2002,
1/8/2002,
1/9/2002,
1/10/2002,
1/11/2002,
1/14/2002,
1/15/2002,
1/16/2002,
1/17/2002,
1/18/2002,
1/22/2002,
1/23/2002,
1/24/2002,
1/25/2002,
1/28/2002,
1/29/2002,
1/30/2002,
1/31/2002,
2/1/2002,
2/4/2002,
2/5/2002,
2/6/2002,
2/7/2002,
2/8/2002,
2/11/2002,
2/12/2002,
2/13/2002,
2/14/2002,
2/15/2002,
2/19/2002,
2/20/2002,
2/21/2002,
2/22/2002,
2/25/2002,
2/26/2002,
2/27/2002,
2/28/2002,
3/1/2002,
3/4/2002,
3/5/2002,
3/6/2002,
3/7/2002,
3/8/2002,
3/11/2002,
3/12/2002,
3/13/2002,
3/14/2002,
3/15/2002,
3/18/2002,
3/19/2002,
3/20/2002,
3/21/2002,
3/22/2002,
3/25/2002,
3/26/2002,
3/27/2002,
3/28/2002,
4/1/2002,
4/2/2002,
4/3/2002,
4/4/2002,
4/5/2002,
4/8/2002,
4/9/2002,
4/10/2002,
4/11/2002,
4/12/2002,
4/15/2002,
4/16/2002,
4/17/2002,
4/18/2002,
4/19/2002,
4/22/2002,
4/23/2002,
4/24/2002,
4/25/2002,
4/26/2002,
4/29/2002,
4/30/2002,
5/1/2002,
5/2/2002,
5/3/2002,
5/6/2002,
5/7/2002,
5/8/2002,
5/9/2002,
5/10/2002,
5/13/2002,
5/14/2002,
5/15/2002,
5/16/2002,
5/17/2002,
5/20/2002,
5/21/2002,
5/22/2002,
5/23/2002,
5/24/2002,
5/28/2002,
5/29/2002,
5/30/2002,
5/31/2002,
6/3/2002,
6/4/2002,
6/5/2002,
6/6/2002,
6/7/2002,
6/10/2002,
6/11/2002,
6/12/2002,
6/13/2002,
6/14/2002,
6/17/2002,
6/18/2002,
6/19/2002,
6/20/2002,
6/21/2002,
6/24/2002,
6/25/2002,
6/26/2002,
6/27/2002,
6/28/2002,
7/1/2002,
7/2/2002,
7/3/2002,
7/5/2002,
7/8/2002,
7/9/2002,
7/10/2002,
7/11/2002,
7/12/2002,
7/15/2002,
7/16/2002,
7/17/2002,
7/18/2002,
7/19/2002,
7/22/2002,
7/23/2002,
7/24/2002,
7/25/2002,
7/26/2002,
7/29/2002,
7/30/2002,
7/31/2002,
8/1/2002,
8/2/2002,
8/5/2002,
8/6/2002,
8/7/2002,
8/8/2002,
8/9/2002,
8/12/2002,
8/13/2002,
8/14/2002,
8/15/2002,
8/16/2002,
8/19/2002,
8/20/2002,
8/21/2002,
8/22/2002,
8/23/2002,
8/26/2002,
8/27/2002,
8/28/2002,
8/29/2002,
8/30/2002,
9/3/2002,
9/4/2002,
9/5/2002,
9/6/2002,
9/9/2002,
9/10/2002,
9/11/2002,
9/12/2002,
9/13/2002,
9/16/2002,
9/17/2002,
9/18/2002,
9/19/2002,
9/20/2002,
9/23/2002,
9/24/2002,
9/25/2002,
9/26/2002,
9/27/2002,
9/30/2002,
10/1/2002,
10/2/2002,
10/3/2002,
10/4/2002,
10/7/2002,
10/8/2002,
10/9/2002,
10/10/2002,
10/11/2002,
10/14/2002,
10/15/2002,
10/16/2002,
10/17/2002,
10/18/2002,
10/21/2002,
10/22/2002,
10/23/2002,
10/24/2002,
10/25/2002,
10/28/2002,
10/29/2002,
10/30/2002,
10/31/2002,
11/1/2002,
11/4/2002,
11/5/2002,
11/6/2002,
11/7/2002,
11/8/2002,
11/11/2002,
11/12/2002,
11/13/2002,
11/14/2002,
11/15/2002,
11/18/2002,
11/19/2002,
11/20/2002,
11/21/2002,
11/22/2002,
11/25/2002,
11/26/2002,
11/27/2002,
11/29/2002,
12/2/2002,
12/3/2002,
12/4/2002,
12/5/2002,
12/6/2002,
12/9/2002,
12/10/2002,
12/11/2002,
12/12/2002,
12/13/2002,
12/16/2002,
12/17/2002,
12/18/2002,
12/19/2002,
12/20/2002,
12/23/2002,
12/24/2002,
12/26/2002,
12/27/2002,
12/30/2002,
12/31/2002,
1/2/2003,
1/3/2003,
1/6/2003,
1/7/2003,
1/8/2003,
1/9/2003,
1/10/2003,
1/13/2003,
1/14/2003,
1/15/2003,
1/16/2003,
1/17/2003,
1/21/2003,
1/22/2003,
1/23/2003,
1/24/2003,
1/27/2003,
1/28/2003,
1/29/2003,
1/30/2003,
1/31/2003,
2/3/2003,
2/4/2003,
2/5/2003,
2/6/2003,
2/7/2003,
2/10/2003,
2/11/2003,
2/12/2003,
2/13/2003,
2/14/2003,
2/18/2003,
2/19/2003,
2/20/2003,
2/21/2003,
2/24/2003,
2/25/2003,
2/26/2003,
2/27/2003,
2/28/2003,
3/3/2003,
3/4/2003,
3/5/2003,
3/6/2003,
3/7/2003,
3/10/2003,
3/11/2003,
3/12/2003,
3/13/2003,
3/14/2003,
3/17/2003,
3/18/2003,
3/19/2003,
3/20/2003,
3/21/2003,
3/24/2003,
3/25/2003,
3/26/2003,
3/27/2003,
3/28/2003,
3/31/2003,
4/1/2003,
4/2/2003,
4/3/2003,
4/4/2003,
4/7/2003,
4/8/2003,
4/9/2003,
4/10/2003,
4/11/2003,
4/14/2003,
4/15/2003,
4/16/2003,
4/17/2003,
4/21/2003,
4/22/2003,
4/23/2003,
4/24/2003,
4/25/2003,
4/28/2003,
4/29/2003,
4/30/2003,
5/1/2003,
5/2/2003,
5/5/2003,
5/6/2003,
5/7/2003,
5/8/2003,
5/9/2003,
5/12/2003,
5/13/2003,
5/14/2003,
5/15/2003,
5/16/2003,
5/19/2003,
5/20/2003,
5/21/2003,
5/22/2003,
5/23/2003,
5/27/2003,
5/28/2003,
5/29/2003,
5/30/2003,
6/2/2003,
6/3/2003,
6/4/2003,
6/5/2003,
6/6/2003,
6/9/2003,
6/10/2003,
6/11/2003,
6/12/2003,
6/13/2003,
6/16/2003,
6/17/2003,
6/18/2003,
6/19/2003,
6/20/2003,
6/23/2003,
6/24/2003,
6/25/2003,
6/26/2003,
6/27/2003,
6/30/2003,
7/1/2003,
7/2/2003,
7/3/2003,
7/7/2003,
7/8/2003,
7/9/2003,
7/10/2003,
7/11/2003,
7/14/2003,
7/15/2003,
7/16/2003,
7/17/2003,
7/18/2003,
7/21/2003,
7/22/2003,
7/23/2003,
7/24/2003,
7/25/2003,
7/28/2003,
7/29/2003,
7/30/2003,
7/31/2003,
8/1/2003,
8/4/2003,
8/5/2003,
8/6/2003,
8/7/2003,
8/8/2003,
8/11/2003,
8/12/2003,
8/13/2003,
8/14/2003,
8/15/2003,
8/18/2003,
8/19/2003,
8/20/2003,
8/21/2003,
8/22/2003,
8/25/2003,
8/26/2003,
8/27/2003,
8/28/2003,
8/29/2003,
9/2/2003,
9/3/2003,
9/4/2003,
9/5/2003,
9/8/2003,
9/9/2003,
9/10/2003,
9/11/2003,
9/12/2003,
9/15/2003,
9/16/2003,
9/17/2003,
9/18/2003,
9/19/2003,
9/22/2003,
9/23/2003,
9/24/2003,
9/25/2003,
9/26/2003,
9/29/2003,
9/30/2003,
10/1/2003,
10/2/2003,
10/3/2003,
10/6/2003,
10/7/2003,
10/8/2003,
10/9/2003,
10/10/2003,
10/13/2003,
10/14/2003,
10/15/2003,
10/16/2003,
10/17/2003,
10/20/2003,
10/21/2003,
10/22/2003,
10/23/2003,
10/24/2003,
10/27/2003,
10/28/2003,
10/29/2003,
10/30/2003,
10/31/2003,
11/3/2003,
11/4/2003,
11/5/2003,
11/6/2003,
11/7/2003,
11/10/2003,
11/11/2003,
11/12/2003,
11/13/2003,
11/14/2003,
11/17/2003,
11/18/2003,
11/19/2003,
11/20/2003,
11/21/2003,
11/24/2003,
11/25/2003,
11/26/2003,
11/28/2003,
12/1/2003,
12/2/2003,
12/3/2003,
12/4/2003,
12/5/2003,
12/8/2003,
12/9/2003,
12/10/2003,
12/11/2003,
12/12/2003,
12/15/2003,
12/16/2003,
12/17/2003,
12/18/2003,
12/19/2003,
12/22/2003,
12/23/2003,
12/24/2003,
12/26/2003,
12/29/2003,
12/30/2003,
12/31/2003,
1/2/2004,
1/5/2004,
1/6/2004,
1/7/2004,
1/8/2004,
1/9/2004,
1/12/2004,
1/13/2004,
1/14/2004,
1/15/2004,
1/16/2004,
1/20/2004,
1/21/2004,
1/22/2004,
1/23/2004,
1/26/2004,
1/27/2004,
1/28/2004,
1/29/2004,
1/30/2004,
2/2/2004,
2/3/2004,
2/4/2004,
2/5/2004,
2/6/2004,
2/9/2004,
2/10/2004,
2/11/2004,
2/12/2004,
2/13/2004,
2/17/2004,
2/18/2004,
2/19/2004,
2/20/2004,
2/23/2004,
2/24/2004,
2/25/2004,
2/26/2004,
2/27/2004,
3/1/2004,
3/2/2004,
3/3/2004,
3/4/2004,
3/5/2004,
3/8/2004,
3/9/2004,
3/10/2004,
3/11/2004,
3/12/2004,
3/15/2004,
3/16/2004,
3/17/2004,
3/18/2004,
3/19/2004,
3/22/2004,
3/23/2004,
3/24/2004,
3/25/2004,
3/26/2004,
3/29/2004,
3/30/2004,
3/31/2004,
4/1/2004,
4/2/2004,
4/5/2004,
4/6/2004,
4/7/2004,
4/8/2004,
4/12/2004,
4/13/2004,
4/14/2004,
4/15/2004,
4/16/2004,
4/19/2004,
4/20/2004,
4/21/2004,
4/22/2004,
4/23/2004,
4/26/2004,
4/27/2004,
4/28/2004,
4/29/2004,
4/30/2004,
5/3/2004,
5/4/2004,
5/5/2004,
5/6/2004,
5/7/2004,
5/10/2004,
5/11/2004,
5/12/2004,
5/13/2004,
5/14/2004,
5/17/2004,
5/18/2004,
5/19/2004,
5/20/2004,
5/21/2004,
5/24/2004,
5/25/2004,
5/26/2004,
5/27/2004,
5/28/2004,
6/1/2004,
6/2/2004,
6/3/2004,
6/4/2004,
6/7/2004,
6/8/2004,
6/9/2004,
6/10/2004,
6/14/2004,
6/15/2004,
6/16/2004,
6/17/2004,
6/18/2004,
6/21/2004,
6/22/2004,
6/23/2004,
6/24/2004,
6/25/2004,
6/28/2004,
6/29/2004,
6/30/2004,
7/1/2004,
7/2/2004,
7/6/2004,
7/7/2004,
7/8/2004,
7/9/2004,
7/12/2004,
7/13/2004,
7/14/2004,
7/15/2004,
7/16/2004,
7/19/2004,
7/20/2004,
7/21/2004,
7/22/2004,
7/23/2004,
7/26/2004,
7/27/2004,
7/28/2004,
7/29/2004,
7/30/2004,
8/2/2004,
8/3/2004,
8/4/2004,
8/5/2004,
8/6/2004,
8/9/2004,
8/10/2004,
8/11/2004,
8/12/2004,
8/13/2004,
8/16/2004,
8/17/2004,
8/18/2004,
8/19/2004,
8/20/2004,
8/23/2004,
8/24/2004,
8/25/2004,
8/26/2004,
8/27/2004,
8/30/2004,
8/31/2004,
9/1/2004,
9/2/2004,
9/3/2004,
9/7/2004,
9/8/2004,
9/9/2004,
9/10/2004,
9/13/2004,
9/14/2004,
9/15/2004,
9/16/2004,
9/17/2004,
9/20/2004,
9/21/2004,
9/22/2004,
9/23/2004,
9/24/2004,
9/27/2004,
9/28/2004,
9/29/2004,
9/30/2004,
10/1/2004,
10/4/2004,
10/5/2004,
10/6/2004,
10/7/2004,
10/8/2004,
10/11/2004,
10/12/2004,
10/13/2004,
10/14/2004,
10/15/2004,
10/18/2004,
10/19/2004,
10/20/2004,
10/21/2004,
10/22/2004,
10/25/2004,
10/26/2004,
10/27/2004,
10/28/2004,
10/29/2004,
11/1/2004,
11/2/2004,
11/3/2004,
11/4/2004,
11/5/2004,
11/8/2004,
11/9/2004,
11/10/2004,
11/11/2004,
11/12/2004,
11/15/2004,
11/16/2004,
11/17/2004,
11/18/2004,
11/19/2004,
11/22/2004,
11/23/2004,
11/24/2004,
11/26/2004,
11/29/2004,
11/30/2004,
12/1/2004,
12/2/2004,
12/3/2004,
12/6/2004,
12/7/2004,
12/8/2004,
12/9/2004,
12/10/2004,
12/13/2004,
12/14/2004,
12/15/2004,
12/16/2004,
12/17/2004,
12/20/2004,
12/21/2004,
12/22/2004,
12/23/2004,
12/27/2004,
12/28/2004,
12/29/2004,
12/30/2004,
12/31/2004,
1/3/2005,
1/4/2005,
1/5/2005,
1/6/2005,
1/7/2005,
1/10/2005,
1/11/2005,
1/12/2005,
1/13/2005,
1/14/2005,
1/18/2005,
1/19/2005,
1/20/2005,
1/21/2005,
1/24/2005,
1/25/2005,
1/26/2005,
1/27/2005,
1/28/2005,
1/31/2005,
2/1/2005,
2/2/2005,
2/3/2005,
2/4/2005,
2/7/2005,
2/8/2005,
2/9/2005,
2/10/2005,
2/11/2005,
2/14/2005,
2/15/2005,
2/16/2005,
2/17/2005,
2/18/2005,
2/22/2005,
2/23/2005,
2/24/2005,
2/25/2005,
2/28/2005,
3/1/2005,
3/2/2005,
3/3/2005,
3/4/2005,
3/7/2005,
3/8/2005,
3/9/2005,
3/10/2005,
3/11/2005,
3/14/2005,
3/15/2005,
3/16/2005,
3/17/2005,
3/18/2005,
3/21/2005,
3/22/2005,
3/23/2005,
3/24/2005,
3/28/2005,
3/29/2005,
3/30/2005,
3/31/2005,
4/1/2005,
4/4/2005,
4/5/2005,
4/6/2005,
4/7/2005,
4/8/2005,
4/11/2005,
4/12/2005,
4/13/2005,
4/14/2005,
4/15/2005,
4/18/2005,
4/19/2005,
4/20/2005,
4/21/2005,
4/22/2005,
4/25/2005,
4/26/2005,
4/27/2005,
4/28/2005,
4/29/2005,
5/2/2005,
5/3/2005,
5/4/2005,
5/5/2005,
5/6/2005,
5/9/2005,
5/10/2005,
5/11/2005,
5/12/2005,
5/13/2005,
5/16/2005,
5/17/2005,
5/18/2005,
5/19/2005,
5/20/2005,
5/23/2005,
5/24/2005,
5/25/2005,
5/26/2005,
5/27/2005,
5/31/2005,
6/1/2005,
6/2/2005,
6/3/2005,
6/6/2005,
6/7/2005,
6/8/2005,
6/9/2005,
6/10/2005,
6/13/2005,
6/14/2005,
6/15/2005,
6/16/2005,
6/17/2005,
6/20/2005,
6/21/2005,
6/22/2005,
6/23/2005,
6/24/2005,
6/27/2005,
6/28/2005,
6/29/2005,
6/30/2005,
7/1/2005,
7/5/2005,
7/6/2005,
7/7/2005,
7/8/2005,
7/11/2005,
7/12/2005,
7/13/2005,
7/14/2005,
7/15/2005,
7/18/2005,
7/19/2005,
7/20/2005,
7/21/2005,
7/22/2005,
7/25/2005,
7/26/2005,
7/27/2005,
7/28/2005,
7/29/2005,
8/1/2005,
8/2/2005,
8/3/2005,
8/4/2005,
8/5/2005,
8/8/2005,
8/9/2005,
8/10/2005,
8/11/2005,
8/12/2005,
8/15/2005,
8/16/2005,
8/17/2005,
8/18/2005,
8/19/2005,
8/22/2005,
8/23/2005,
8/24/2005,
8/25/2005,
8/26/2005,
8/29/2005,
8/30/2005,
8/31/2005,
9/1/2005,
9/2/2005,
9/6/2005,
9/7/2005,
9/8/2005,
9/9/2005,
9/12/2005,
9/13/2005,
9/14/2005,
9/15/2005,
9/16/2005,
9/19/2005,
9/20/2005,
9/21/2005,
9/22/2005,
9/23/2005,
9/26/2005,
9/27/2005,
9/28/2005,
9/29/2005,
9/30/2005,
10/3/2005,
10/4/2005,
10/5/2005,
10/6/2005,
10/7/2005,
10/10/2005,
10/11/2005,
10/12/2005,
10/13/2005,
10/14/2005,
10/17/2005,
10/18/2005,
10/19/2005,
10/20/2005,
10/21/2005,
10/24/2005,
10/25/2005,
10/26/2005,
10/27/2005,
10/28/2005,
10/31/2005,
11/1/2005,
11/2/2005,
11/3/2005,
11/4/2005,
11/7/2005,
11/8/2005,
11/9/2005,
11/10/2005,
11/11/2005,
11/14/2005,
11/15/2005,
11/16/2005,
11/17/2005,
11/18/2005,
11/21/2005,
11/22/2005,
11/23/2005,
11/25/2005,
11/28/2005,
11/29/2005,
11/30/2005,
12/1/2005,
12/2/2005,
12/5/2005,
12/6/2005,
12/7/2005,
12/8/2005,
12/9/2005,
12/12/2005,
12/13/2005,
12/14/2005,
12/15/2005,
12/16/2005,
12/19/2005,
12/20/2005,
12/21/2005,
12/22/2005,
12/23/2005,
12/27/2005,
12/28/2005,
12/29/2005,
12/30/2005,
1/3/2006,
1/4/2006,
1/5/2006,
1/6/2006,
1/9/2006,
1/10/2006,
1/11/2006,
1/12/2006,
1/13/2006,
1/17/2006,
1/18/2006,
1/19/2006,
1/20/2006,
1/23/2006,
1/24/2006,
1/25/2006,
1/26/2006,
1/27/2006,
1/30/2006,
1/31/2006,
2/1/2006,
2/2/2006,
2/3/2006,
2/6/2006,
2/7/2006,
2/8/2006,
2/9/2006,
2/10/2006,
2/13/2006,
2/14/2006,
2/15/2006,
2/16/2006,
2/17/2006,
2/21/2006,
2/22/2006,
2/23/2006,
2/24/2006,
2/27/2006,
2/28/2006,
3/1/2006,
3/2/2006,
3/3/2006,
3/6/2006,
3/7/2006,
3/8/2006,
3/9/2006,
3/10/2006,
3/13/2006,
3/14/2006,
3/15/2006,
3/16/2006,
3/17/2006,
3/20/2006,
3/21/2006,
3/22/2006,
3/23/2006,
3/24/2006,
3/27/2006,
3/28/2006,
3/29/2006,
3/30/2006,
3/31/2006,
4/3/2006,
4/4/2006,
4/5/2006,
4/6/2006,
4/7/2006,
4/10/2006,
4/11/2006,
4/12/2006,
4/13/2006,
4/17/2006,
4/18/2006,
4/19/2006,
4/20/2006,
4/21/2006,
4/24/2006,
4/25/2006,
4/26/2006,
4/27/2006,
4/28/2006,
5/1/2006,
5/2/2006,
5/3/2006,
5/4/2006,
5/5/2006,
5/8/2006,
5/9/2006,
5/10/2006,
5/11/2006,
5/12/2006,
5/15/2006,
5/16/2006,
5/17/2006,
5/18/2006,
5/19/2006,
5/22/2006,
5/23/2006,
5/24/2006,
5/25/2006,
5/26/2006,
5/30/2006,
5/31/2006,
6/1/2006,
6/2/2006,
6/5/2006,
6/6/2006,
6/7/2006,
6/8/2006,
6/9/2006,
6/12/2006,
6/13/2006,
6/14/2006,
6/15/2006,
6/16/2006,
6/19/2006,
6/20/2006,
6/21/2006,
6/22/2006,
6/23/2006,
6/26/2006,
6/27/2006,
6/28/2006,
6/29/2006,
6/30/2006,
7/3/2006,
7/5/2006,
7/6/2006,
7/7/2006,
7/10/2006,
7/11/2006,
7/12/2006,
7/13/2006,
7/14/2006,
7/17/2006,
7/18/2006,
7/19/2006,
7/20/2006,
7/21/2006,
7/24/2006,
7/25/2006,
7/26/2006,
7/27/2006,
7/28/2006,
7/31/2006,
8/1/2006,
8/2/2006,
8/3/2006,
8/4/2006,
8/7/2006,
8/8/2006,
8/9/2006,
8/10/2006,
8/11/2006,
8/14/2006,
8/15/2006,
8/16/2006,
8/17/2006,
8/18/2006,
8/21/2006,
8/22/2006,
8/23/2006,
8/24/2006,
8/25/2006,
8/28/2006,
8/29/2006,
8/30/2006,
8/31/2006,
9/1/2006,
9/5/2006,
9/6/2006,
9/7/2006,
9/8/2006,
9/11/2006,
9/12/2006,
9/13/2006,
9/14/2006,
9/15/2006,
9/18/2006,
9/19/2006,
9/20/2006,
9/21/2006,
9/22/2006,
9/25/2006,
9/26/2006,
9/27/2006,
9/28/2006,
9/29/2006,
10/2/2006,
10/3/2006,
10/4/2006,
10/5/2006,
10/6/2006,
10/9/2006,
10/10/2006,
10/11/2006,
10/12/2006,
10/13/2006,
10/16/2006,
10/17/2006,
10/18/2006,
10/19/2006,
10/20/2006,
10/23/2006,
10/24/2006,
10/25/2006,
10/26/2006,
10/27/2006,
10/30/2006,
10/31/2006,
11/1/2006,
11/2/2006,
11/3/2006,
11/6/2006,
11/7/2006,
11/8/2006,
11/9/2006,
11/10/2006,
11/13/2006,
11/14/2006,
11/15/2006,
11/16/2006,
11/17/2006,
11/20/2006,
11/21/2006,
11/22/2006,
11/24/2006,
11/27/2006,
11/28/2006,
11/29/2006,
11/30/2006,
12/1/2006,
12/4/2006,
12/5/2006,
12/6/2006,
12/7/2006,
12/8/2006,
12/11/2006,
12/12/2006,
12/13/2006,
12/14/2006,
12/15/2006,
12/18/2006,
12/19/2006,
12/20/2006,
12/21/2006,
12/22/2006,
12/26/2006,
12/27/2006,
12/28/2006,
12/29/2006,
1/3/2007,
1/4/2007,
1/5/2007,
1/8/2007,
1/9/2007,
1/10/2007,
1/11/2007,
1/12/2007,
1/16/2007,
1/17/2007,
1/18/2007,
1/19/2007,
1/22/2007,
1/23/2007,
1/24/2007,
1/25/2007,
1/26/2007,
1/29/2007,
1/30/2007,
1/31/2007,
2/1/2007,
2/2/2007,
2/5/2007,
2/6/2007,
2/7/2007,
2/8/2007,
2/9/2007,
2/12/2007,
2/13/2007,
2/14/2007,
2/15/2007,
2/16/2007,
2/20/2007,
2/21/2007,
2/22/2007,
2/23/2007,
2/26/2007,
2/27/2007,
2/28/2007,
3/1/2007,
3/2/2007,
3/5/2007,
3/6/2007,
3/7/2007,
3/8/2007,
3/9/2007,
3/12/2007,
3/13/2007,
3/14/2007,
3/15/2007,
3/16/2007,
3/19/2007,
3/20/2007,
3/21/2007,
3/22/2007,
3/23/2007,
3/26/2007,
3/27/2007,
3/28/2007,
3/29/2007,
3/30/2007,
4/2/2007,
4/3/2007,
4/4/2007,
4/5/2007,
4/9/2007,
4/10/2007,
4/11/2007,
4/12/2007,
4/13/2007,
4/16/2007,
4/17/2007,
4/18/2007,
4/19/2007,
4/20/2007,
4/23/2007,
4/24/2007,
4/25/2007,
4/26/2007,
4/27/2007,
4/30/2007,
5/1/2007,
5/2/2007,
5/3/2007,
5/4/2007,
5/7/2007,
5/8/2007,
5/9/2007,
5/10/2007,
5/11/2007,
5/14/2007,
5/15/2007,
5/16/2007,
5/17/2007,
5/18/2007,
5/21/2007,
5/22/2007,
5/23/2007,
5/24/2007,
5/25/2007,
5/29/2007,
5/30/2007,85.443275
5/31/2007,85.443275
6/1/2007,85.461945
6/4/2007,85.480591
6/5/2007,85.480591
6/6/2007,85.517914
6/7/2007,85.49926
6/8/2007,85.517914
6/11/2007,85.555237
6/12/2007,85.480591
6/13/2007,85.555237
6/14/2007,85.592529
6/15/2007,85.667137
6/18/2007,85.685814
6/19/2007,85.685814
6/20/2007,85.70446
6/21/2007,85.70446
6/22/2007,85.779076
6/25/2007,85.741776
6/26/2007,85.760437
6/27/2007,85.741776
6/28/2007,85.779076
6/29/2007,85.816406
7/2/2007,85.840775
7/3/2007,85.840775
7/5/2007,85.840775
7/6/2007,85.878258
7/9/2007,85.896988
7/10/2007,85.915695
7/11/2007,85.915695
7/12/2007,85.934448
7/13/2007,85.953156
7/16/2007,85.971916
7/17/2007,86.00943
7/18/2007,85.990654
7/19/2007,86.00943
7/20/2007,86.046883
7/23/2007,86.046883
7/24/2007,86.046883
7/25/2007,86.06562
7/26/2007,86.084358
7/27/2007,86.121834
7/30/2007,86.046883
7/31/2007,86.15934
8/1/2007,86.131096
8/2/2007,86.14991
8/3/2007,86.112267
8/6/2007,86.20636
8/7/2007,86.225197
8/8/2007,86.187561
8/9/2007,86.262787
8/10/2007,86.319229
8/13/2007,86.338051
8/14/2007,86.319229
8/15/2007,86.338051
8/16/2007,86.450928
8/17/2007,86.50737
8/20/2007,86.582649
8/21/2007,86.56382
8/22/2007,86.56382
8/23/2007,86.50737
8/24/2007,86.488556
8/27/2007,86.375679
8/28/2007,86.469727
8/29/2007,86.526192
8/30/2007,86.545021
8/31/2007,86.526192
9/4/2007,86.539413
9/5/2007,86.558273
9/6/2007,86.558273
9/7/2007,86.61496
9/10/2007,86.633835
9/11/2007,86.539413
9/12/2007,86.671608
9/13/2007,86.652748
9/14/2007,86.709396
9/17/2007,86.747162
9/18/2007,86.690506
9/19/2007,86.728271
9/20/2007,86.671608
9/21/2007,86.709396
9/24/2007,86.78492
9/25/2007,86.80381
9/26/2007,86.709396
9/27/2007,86.728271
9/28/2007,86.690506
10/1/2007,86.785271
10/2/2007,86.728394
10/3/2007,86.747368
10/4/2007,86.84211
10/5/2007,86.747368
10/8/2007,86.880043
10/9/2007,86.823196
10/10/2007,86.898979
10/11/2007,86.880043
10/12/2007,86.898979
10/15/2007,86.861092
10/16/2007,86.917931
10/17/2007,86.955856
10/18/2007,86.955856
10/19/2007,87.031647
10/22/2007,86.993782
10/23/2007,86.993782
10/24/2007,87.031647
10/25/2007,87.012695
10/26/2007,86.9748
10/29/2007,87.050613
10/30/2007,87.012695
10/31/2007,87.031647
11/1/2007,87.090614
11/2/2007,87.147636
11/5/2007,87.147636
11/6/2007,87.147636
11/7/2007,87.204712
11/8/2007,87.147636
11/9/2007,87.223694
11/12/2007,87.261765
11/13/2007,87.242752
11/14/2007,87.204712
11/15/2007,87.261765
11/16/2007,87.261765
11/19/2007,87.299797
11/20/2007,87.318787
11/21/2007,87.356819
11/23/2007,87.375809
11/26/2007,87.318787
11/27/2007,87.394852
11/28/2007,87.413872
11/29/2007,87.356819
11/30/2007,87.375809
12/3/2007,87.354874
12/4/2007,87.373917
12/5/2007,87.373917
12/6/2007,87.392998
12/7/2007,87.469307
12/10/2007,87.412064
12/11/2007,87.526543
12/12/2007,87.507462
12/13/2007,87.545601
12/14/2007,87.48835
12/17/2007,87.526543
12/18/2007,87.526543
12/19/2007,87.564682
12/20/2007,87.602798
12/21/2007,87.602798
12/24/2007,87.602798
12/26/2007,87.564682
12/27/2007,87.602798
12/28/2007,87.600861
12/31/2007,87.581764
1/2/2008,87.658264
1/3/2008,87.600861
1/4/2008,87.581764
1/7/2008,87.658264
1/8/2008,87.600861
1/9/2008,87.543541
1/10/2008,87.581764
1/11/2008,87.620033
1/14/2008,87.696533
1/15/2008,87.677399
1/16/2008,87.677399
1/17/2008,87.639122
1/18/2008,87.696533
1/22/2008,87.734749
1/23/2008,87.830444
1/24/2008,87.868698
1/25/2008,87.773048
1/28/2008,87.811279
1/29/2008,87.887794
1/30/2008,87.926041
1/31/2008,87.926041
2/1/2008,87.916458
2/4/2008,87.935638
2/5/2008,87.878136
2/6/2008,87.954803
2/7/2008,87.935638
2/8/2008,87.935638
2/11/2008,87.954803
2/12/2008,87.935638
2/13/2008,87.954803
2/14/2008,87.973991
2/15/2008,87.973991
2/19/2008,87.973991
2/20/2008,87.935638
2/21/2008,88.012383
2/22/2008,88.012383
2/25/2008,87.973991
2/26/2008,88.031509
2/27/2008,88.050697
2/28/2008,88.050697
2/29/2008,88.069832
3/3/2008,88.102524
3/4/2008,88.102524
3/5/2008,88.083298
3/6/2008,88.121727
3/7/2008,88.121727
3/10/2008,88.121727
3/11/2008,88.121727
3/12/2008,88.140953
3/13/2008,88.121727
3/14/2008,88.236977
3/17/2008,88.217796
3/18/2008,88.31382
3/19/2008,88.333046
3/20/2008,88.31382
3/24/2008,88.236977
3/25/2008,88.179398
3/26/2008,88.236977
3/27/2008,88.256195
3/28/2008,88.179398
3/31/2008,88.275421
4/1/2008,88.21772
4/2/2008,88.21772
4/3/2008,88.21772
4/4/2008,88.256165
4/7/2008,88.21772
4/8/2008,88.275421
4/9/2008,88.275421
4/10/2008,88.275421
4/11/2008,88.275421
4/14/2008,88.313873
4/15/2008,88.313873
4/16/2008,88.256165
4/17/2008,88.256165
4/18/2008,88.198456
4/21/2008,88.236916
4/22/2008,88.256165
4/23/2008,88.256165
4/24/2008,88.275421
4/25/2008,88.275421
4/28/2008,88.21772
4/29/2008,88.313873
4/30/2008,88.21772
5/1/2008,88.283218
5/2/2008,88.225388
5/5/2008,88.244675
5/6/2008,88.206139
5/7/2008,88.263908
5/8/2008,88.225388
5/9/2008,88.263908
5/12/2008,88.263908
5/13/2008,88.225388
5/14/2008,88.225388
5/15/2008,88.225388
5/16/2008,88.244675
5/19/2008,88.244675
5/20/2008,88.206139
5/21/2008,88.206139
5/22/2008,88.263908
5/23/2008,88.263908
5/27/2008,88.263908
5/28/2008,88.302452
5/29/2008,88.263908
5/30/2008,88.302452
6/2/2008,88.373833
6/3/2008,88.373833
6/4/2008,88.3545
6/5/2008,88.296661
6/6/2008,88.315941
6/9/2008,88.3545
6/10/2008,88.412376
6/11/2008,88.470207
6/12/2008,88.412376
6/13/2008,88.470207
6/16/2008,88.470207
6/17/2008,88.450928
6/18/2008,88.48951
6/19/2008,88.470207
6/20/2008,88.508766
6/23/2008,88.508766
6/24/2008,88.508766
6/25/2008,88.528076
6/26/2008,88.528076
6/27/2008,88.56662
6/30/2008,88.508766
7/1/2008,88.539658
7/2/2008,88.539658
7/3/2008,88.539658
7/7/2008,88.520363
7/8/2008,88.481743
7/9/2008,88.501053
7/10/2008,88.578278
7/11/2008,88.636208
7/14/2008,88.636208
7/15/2008,88.655525
7/16/2008,88.67485
7/17/2008,88.539658
7/18/2008,88.655525
7/21/2008,88.578278
7/22/2008,88.61689
7/23/2008,88.655525
7/24/2008,88.636208
7/25/2008,88.655525
7/28/2008,88.655525
7/29/2008,88.655525
7/30/2008,88.67485
7/31/2008,88.67485
8/1/2008,88.647766
8/4/2008,88.667084
8/5/2008,88.686424
8/6/2008,88.647766
8/7/2008,88.705734
8/8/2008,88.686424
8/11/2008,88.705734
8/12/2008,88.647766
8/13/2008,88.725105
8/14/2008,88.705734
8/15/2008,88.725105
8/18/2008,88.667084
8/19/2008,88.744408
8/20/2008,88.744408
8/21/2008,88.763725
8/22/2008,88.783081
8/25/2008,88.763725
8/26/2008,88.783081
8/27/2008,88.783081
8/28/2008,88.783081
8/29/2008,88.744408
9/2/2008,88.808311
9/3/2008,88.808311
9/4/2008,88.808311
9/5/2008,88.827667
9/8/2008,88.827667
9/9/2008,88.808311
9/10/2008,88.847046
9/11/2008,88.827667
9/12/2008,88.866394
9/15/2008,88.963226
9/16/2008,89.00193
9/17/2008,89.389137
9/18/2008,89.137451
9/19/2008,88.827667
9/22/2008,88.866394
9/23/2008,89.156807
9/24/2008,88.885735
9/25/2008,88.982544
9/26/2008,89.137451
9/29/2008,89.524696
9/30/2008,89.195541
10/1/2008,89.181946
10/2/2008,89.143188
10/3/2008,89.143188
10/6/2008,89.123795
10/7/2008,89.104401
10/8/2008,89.026871
10/9/2008,89.16259
10/10/2008,89.240089
10/13/2008,88.891151
10/14/2008,89.046257
10/15/2008,89.06562
10/16/2008,89.026871
10/17/2008,88.832993
10/20/2008,89.046257
10/21/2008,89.046257
10/22/2008,88.929939
10/23/2008,89.046257
10/24/2008,88.94931
10/27/2008,89.085037
10/28/2008,89.06562
10/29/2008,88.968712
10/30/2008,89.085037
10/31/2008,88.988083
11/3/2008,88.962852
11/4/2008,89.001694
11/5/2008,89.040497
11/6/2008,89.176353
11/7/2008,89.176353
11/10/2008,89.156906
11/11/2008,89.156906
11/12/2008,89.176353
11/13/2008,89.176353
11/14/2008,89.176353
11/17/2008,89.215149
11/18/2008,89.118103
11/19/2008,89.098686
11/20/2008,89.156906
11/21/2008,89.137527
11/24/2008,89.156906
11/25/2008,89.176353
11/26/2008,89.215149
11/28/2008,88.943474
12/1/2008,89.188095
12/2/2008,89.265778
12/3/2008,89.129868
12/4/2008,89.091034
12/5/2008,89.091034
12/8/2008,89.110435
12/9/2008,89.071594
12/10/2008,89.129868
12/11/2008,89.032753
12/12/2008,89.071594
12/15/2008,89.052208
12/16/2008,89.110435
12/17/2008,89.052208
12/18/2008,88.993958
12/19/2008,89.052208
12/22/2008,89.168724
12/23/2008,89.071594
12/24/2008,89.168724
12/26/2008,89.168724
12/29/2008,88.853928
12/30/2008,89.16481
12/31/2008,88.970528
1/2/2009,88.989929
1/5/2009,88.989929
1/6/2009,89.009384
1/7/2009,89.145401
1/8/2009,89.048248
1/9/2009,89.106537
1/12/2009,89.06765
1/13/2009,89.18425
1/14/2009,89.203682
1/15/2009,89.223106
1/16/2009,89.16481
1/20/2009,89.009384
1/21/2009,89.16481
1/22/2009,89.18425
1/23/2009,89.16481
1/26/2009,89.145401
1/27/2009,89.106537
1/28/2009,89.06765
1/29/2009,89.06765
1/30/2009,89.145401
2/2/2009,89.199791
2/3/2009,89.122063
2/4/2009,89.180359
2/5/2009,89.141502
2/6/2009,89.005463
2/9/2009,89.122063
2/10/2009,89.102623
2/11/2009,89.083176
2/12/2009,89.083176
2/13/2009,89.160942
2/17/2009,89.160942
2/18/2009,89.180359
2/19/2009,89.180359
2/20/2009,89.180359
2/23/2009,89.160942
2/24/2009,89.102623
2/25/2009,89.063766
2/26/2009,89.083176
2/27/2009,89.141502
3/2/2009,89.19397
3/3/2009,89.174545
3/4/2009,89.174545
3/5/2009,89.19397
3/6/2009,89.174545
3/9/2009,89.174545
3/10/2009,89.174545
3/11/2009,89.174545
3/12/2009,89.135658
3/13/2009,89.116203
3/16/2009,89.096779
3/17/2009,89.15509
3/18/2009,89.174545
3/19/2009,89.116203
3/20/2009,89.15509
3/23/2009,89.174545
3/24/2009,89.15509
3/25/2009,89.19397
3/26/2009,89.174545
3/27/2009,89.19397
3/30/2009,89.174545
3/31/2009,89.135658
4/1/2009,89.151245
4/2/2009,89.092896
4/3/2009,89.151245
4/6/2009,89.13176
4/7/2009,89.13176
4/8/2009,89.17067
4/9/2009,89.11232
4/13/2009,89.17067
4/14/2009,89.13176
4/15/2009,89.13176
4/16/2009,89.190094
4/17/2009,89.092896
4/20/2009,89.13176
4/21/2009,89.11232
4/22/2009,89.17067
4/23/2009,89.209534
4/24/2009,89.209534
4/27/2009,89.190094
4/28/2009,89.209534
4/29/2009,89.190094
4/30/2009,89.190094
5/1/2009,89.219261
5/4/2009,89.102608
5/5/2009,89.12204
5/6/2009,89.102608
5/7/2009,89.102608
5/8/2009,89.12204
5/11/2009,89.102608
5/12/2009,89.180374
5/13/2009,89.12204
5/14/2009,89.141479
5/15/2009,89.141479
5/18/2009,89.199814
5/19/2009,89.180374
5/20/2009,89.102608
5/21/2009,89.16095
5/22/2009,89.180374
5/26/2009,89.199814
5/27/2009,89.199814
5/28/2009,89.180374
5/29/2009,89.199814
6/1/2009,89.129814
6/2/2009,89.129814
6/3/2009,89.168739
6/4/2009,89.168739
6/5/2009,89.149254
6/8/2009,89.168739
6/9/2009,89.149254
6/10/2009,89.168739
6/11/2009,89.110367
6/12/2009,89.188156
6/15/2009,89.188156
6/16/2009,89.207596
6/17/2009,89.207596
6/18/2009,89.188156
6/19/2009,89.207596
6/22/2009,89.207596
6/23/2009,89.207596
6/24/2009,89.207596
6/25/2009,89.207596
6/26/2009,89.207596
6/29/2009,89.207596
6/30/2009,89.188156
7/1/2009,89.190102
7/2/2009,89.209549
7/6/2009,89.190102
7/7/2009,89.190102
7/8/2009,89.209549
7/9/2009,89.190102
7/10/2009,89.190102
7/13/2009,89.209549
7/14/2009,89.209549
7/15/2009,89.170677
7/16/2009,89.209549
7/17/2009,89.209549
7/20/2009,89.170677
7/21/2009,89.170677
7/22/2009,89.190102
7/23/2009,89.170677
7/24/2009,89.151199
7/27/2009,89.151199
7/28/2009,89.170677
7/29/2009,89.170677
7/30/2009,89.190102
7/31/2009,89.13176
8/3/2009,89.155075
8/4/2009,89.174561
8/5/2009,89.155075
8/6/2009,89.155075
8/7/2009,89.155075
8/10/2009,89.155075
8/11/2009,89.155075
8/12/2009,89.194
8/13/2009,89.155075
8/14/2009,89.194
8/17/2009,89.155075
8/18/2009,89.194
8/19/2009,89.155075
8/20/2009,89.174561
8/21/2009,89.155075
8/24/2009,89.155075
8/25/2009,89.155075
8/26/2009,89.174561
8/27/2009,89.174561
8/28/2009,89.194
8/31/2009,89.194
9/1/2009,89.139549
9/2/2009,89.217316
9/3/2009,89.217316
9/4/2009,89.217316
9/8/2009,89.217316
9/9/2009,89.158981
9/10/2009,89.178436
9/11/2009,89.158981
9/14/2009,89.158981
9/15/2009,89.158981
9/16/2009,89.158981
9/17/2009,89.178436
9/18/2009,89.158981
9/21/2009,89.217316
9/22/2009,89.158981
9/23/2009,89.197899
9/24/2009,89.158981
9/25/2009,89.197899
9/28/2009,89.217316
9/29/2009,89.217316
9/30/2009,89.217316
10/1/2009,89.162865
10/2/2009,89.162865
10/5/2009,89.201782
10/6/2009,89.162865
10/7/2009,89.201782
10/8/2009,89.162865
10/9/2009,89.182312
10/12/2009,89.182312
10/13/2009,89.182312
10/14/2009,89.162865
10/15/2009,89.162865
10/16/2009,89.201782
10/19/2009,89.182312
10/20/2009,89.162865
10/21/2009,89.162865
10/22/2009,89.162865
10/23/2009,89.162865
10/26/2009,89.162865
10/27/2009,89.162865
10/28/2009,89.162865
10/29/2009,89.182312
10/30/2009,89.221199
11/2/2009,89.223175
11/3/2009,89.223175
11/4/2009,89.203728
11/5/2009,89.203728
11/6/2009,89.223175
11/9/2009,89.223175
11/10/2009,89.164795
11/11/2009,89.164795
11/12/2009,89.164795
11/13/2009,89.164795
11/16/2009,89.164795
11/17/2009,89.164795
11/18/2009,89.164795
11/19/2009,89.164795
11/20/2009,89.164795
11/23/2009,89.164795
11/24/2009,89.164795
11/25/2009,89.164795
11/27/2009,89.184273
11/30/2009,89.184273
12/1/2009,89.184273
12/2/2009,89.164795
12/3/2009,89.164795
12/4/2009,89.203728
12/7/2009,89.164795
12/8/2009,89.164795
12/9/2009,89.203728
12/10/2009,89.164795
12/11/2009,89.164795
12/14/2009,89.145378
12/15/2009,89.145378
12/16/2009,89.164795
12/17/2009,89.164795
12/18/2009,89.164795
12/21/2009,89.164795
12/22/2009,89.164795
12/23/2009,89.164795
12/24/2009,89.184273
12/28/2009,89.164795
12/29/2009,89.172577
12/30/2009,89.192055
12/31/2009,89.211487
1/4/2010,89.172577
1/5/2010,89.153175
1/6/2010,89.153175
1/7/2010,89.153175
1/8/2010,89.153175
1/11/2010,89.153175
1/12/2010,89.153175
1/13/2010,89.192055
1/14/2010,89.172577
1/15/2010,89.172577
1/19/2010,89.172577
1/20/2010,89.172577
1/21/2010,89.172577
1/22/2010,89.172577
1/25/2010,89.192055
1/26/2010,89.192055
1/27/2010,89.211487
1/28/2010,89.192055
1/29/2010,89.211487
2/1/2010,89.192055
2/2/2010,89.172577
2/3/2010,89.211487
2/4/2010,89.211487
2/5/2010,89.211487
2/8/2010,89.211487
2/9/2010,89.211487
2/10/2010,89.211487
2/11/2010,89.211487
2/12/2010,89.211487
2/16/2010,89.211487
2/17/2010,89.153175
2/18/2010,89.192055
2/19/2010,89.153175
2/22/2010,89.192055
2/23/2010,89.153175
2/24/2010,89.192055
2/25/2010,89.192055
2/26/2010,89.192055
3/1/2010,89.153175
3/2/2010,89.172577
3/3/2010,89.153175
3/4/2010,89.153175
3/5/2010,89.153175
3/8/2010,89.153175
3/9/2010,89.153175
3/10/2010,89.172577
3/11/2010,89.153175
3/12/2010,89.153175
3/15/2010,89.153175
3/16/2010,89.153175
3/17/2010,89.153175
3/18/2010,89.153175
3/19/2010,89.153175
3/22/2010,89.172577
3/23/2010,89.172577
3/24/2010,89.153175
3/25/2010,89.192055
3/26/2010,89.192055
3/29/2010,89.153175
3/30/2010,89.153175
3/31/2010,89.192055
4/1/2010,89.192055
4/5/2010,89.153175
4/6/2010,89.153175
4/7/2010,89.153175
4/8/2010,89.153175
4/9/2010,89.153175
4/12/2010,89.153175
4/13/2010,89.153175
4/14/2010,89.153175
4/15/2010,89.153175
4/16/2010,89.153175
4/19/2010,89.172577
4/20/2010,89.153175
4/21/2010,89.153175
4/22/2010,89.153175
4/23/2010,89.153175
4/26/2010,89.172577
4/27/2010,89.153175
4/28/2010,89.172577
4/29/2010,89.172577
4/30/2010,89.153175
5/3/2010,89.172577
5/4/2010,89.153175
5/5/2010,89.172577
5/6/2010,89.192055
5/7/2010,89.192055
5/10/2010,89.192055
5/11/2010,89.192055
5/12/2010,89.192055
5/13/2010,89.172577
5/14/2010,89.192055
5/17/2010,89.192055
5/18/2010,89.172577
5/19/2010,89.192055
5/20/2010,89.192055
5/21/2010,89.192055
5/24/2010,89.192055
5/25/2010,89.192055
5/26/2010,89.211487
5/27/2010,89.172577
5/28/2010,89.192055
6/1/2010,89.192055
6/2/2010,89.211487
6/3/2010,89.172577
6/4/2010,89.211487
6/7/2010,89.192055
6/8/2010,89.211487
6/9/2010,89.211487
6/10/2010,89.211487
6/11/2010,89.211487
6/14/2010,89.172577
6/15/2010,89.172577
6/16/2010,89.172577
6/17/2010,89.172577
6/18/2010,89.192055
6/21/2010,89.172577
6/22/2010,89.192055
6/23/2010,89.192055
6/24/2010,89.192055
6/25/2010,89.192055
6/28/2010,89.192055
6/29/2010,89.192055
6/30/2010,89.211487
7/1/2010,89.192055
7/2/2010,89.192055
7/6/2010,89.172577
7/7/2010,89.172577
7/8/2010,89.192055
7/9/2010,89.172577
7/12/2010,89.192055
7/13/2010,89.192055
7/14/2010,89.192055
7/15/2010,89.192055
7/16/2010,89.192055
7/19/2010,89.172577
7/20/2010,89.172577
7/21/2010,89.172577
7/22/2010,89.172577
7/23/2010,89.192055
7/26/2010,89.153175
7/27/2010,89.153175
7/28/2010,89.172577
7/29/2010,89.153175
7/30/2010,89.172577
8/2/2010,89.153175
8/3/2010,89.153175
8/4/2010,89.153175
8/5/2010,89.153175
8/6/2010,89.153175
8/9/2010,89.153175
8/10/2010,89.172577
8/11/2010,89.192055
8/12/2010,89.192055
8/13/2010,89.192055
8/16/2010,89.172577
8/17/2010,89.192055
8/18/2010,89.172577
8/19/2010,89.172577
8/20/2010,89.192055
8/23/2010,89.172577
8/24/2010,89.172577
8/25/2010,89.192055
8/26/2010,89.172577
8/27/2010,89.172577
8/30/2010,89.192055
8/31/2010,89.172577
9/1/2010,89.172577
9/2/2010,89.192055
9/3/2010,89.192055
9/7/2010,89.172577
9/8/2010,89.172577
9/9/2010,89.172577
9/10/2010,89.172577
9/13/2010,89.172577
9/14/2010,89.192055
9/15/2010,89.192055
9/16/2010,89.192055
9/17/2010,89.172577
9/20/2010,89.172577
9/21/2010,89.172577
9/22/2010,89.172577
9/23/2010,89.172577
9/24/2010,89.192055
9/27/2010,89.192055
9/28/2010,89.172577
9/29/2010,89.172577
9/30/2010,89.172577
10/1/2010,89.172577
10/4/2010,89.192055
10/5/2010,89.172577
10/6/2010,89.172577
10/7/2010,89.172577
10/8/2010,89.172577
10/11/2010,89.172577
10/12/2010,89.172577
10/13/2010,89.172577
10/14/2010,89.192055
10/15/2010,89.172577
10/18/2010,89.192055
10/19/2010,89.172577
10/20/2010,89.172577
10/21/2010,89.172577
10/22/2010,89.192055
10/25/2010,89.172577
10/26/2010,89.192055
10/27/2010,89.192055
10/28/2010,89.172577
10/29/2010,89.192055
11/1/2010,89.192055
11/2/2010,89.153175
11/3/2010,89.172577
11/4/2010,89.172577
11/5/2010,89.172577
11/8/2010,89.172577
11/9/2010,89.172577
11/10/2010,89.172577
11/11/2010,89.153175
11/12/2010,89.192055
11/15/2010,89.192055
11/16/2010,89.192055
11/17/2010,89.192055
11/18/2010,89.172577
11/19/2010,89.172577
11/22/2010,89.172577
11/23/2010,89.172577
11/24/2010,89.192055
11/26/2010,89.192055
11/29/2010,89.192055
11/30/2010,89.192055
12/1/2010,89.172577
12/2/2010,89.172577
12/3/2010,89.192055
12/6/2010,89.172577
12/7/2010,89.172577
12/8/2010,89.172577
12/9/2010,89.192055
12/10/2010,89.192055
12/13/2010,89.192055
12/14/2010,89.192055
12/15/2010,89.172577
12/16/2010,89.172577
12/17/2010,89.192055
12/20/2010,89.192055
12/21/2010,89.192055
12/22/2010,89.172577
12/23/2010,89.172577
12/27/2010,89.172577
12/28/2010,89.192055
12/29/2010,89.172577
12/30/2010,89.192055
12/31/2010,89.172577
1/3/2011,89.192055
1/4/2011,89.192055
1/5/2011,89.192055
1/6/2011,89.192055
1/7/2011,89.172577
1/10/2011,89.192055
1/11/2011,89.192055
1/12/2011,89.172577
1/13/2011,89.172577
1/14/2011,89.172577
1/18/2011,89.172577
1/19/2011,89.192055
1/20/2011,89.192055
1/21/2011,89.172577
1/24/2011,89.172577
1/25/2011,89.192055
1/26/2011,89.172577
1/27/2011,89.192055
1/28/2011,89.172577
1/31/2011,89.172577
2/1/2011,89.172577
2/2/2011,89.172577
2/3/2011,89.172577
2/4/2011,89.192055
2/7/2011,89.172577
2/8/2011,89.172577
2/9/2011,89.192055
2/10/2011,89.172577
2/11/2011,89.172577
2/14/2011,89.172577
2/15/2011,89.192055
2/16/2011,89.192055
2/17/2011,89.192055
2/18/2011,89.172577
2/22/2011,89.172577
2/23/2011,89.192055
2/24/2011,89.192055
2/25/2011,89.192055
2/28/2011,89.172577
3/1/2011,89.172577
3/2/2011,89.192055
3/3/2011,89.172577
3/4/2011,89.192055
3/7/2011,89.172577
3/8/2011,89.172577
3/9/2011,89.172577
3/10/2011,89.172577
3/11/2011,89.192055
3/14/2011,89.192055
3/15/2011,89.211487
3/16/2011,89.211487
3/17/2011,89.211487
3/18/2011,89.211487
3/21/2011,89.211487
3/22/2011,89.172577
3/23/2011,89.192055
3/24/2011,89.172577
3/25/2011,89.172577
3/28/2011,89.192055
3/29/2011,89.172577
3/30/2011,89.192055
3/31/2011,89.172577
4/1/2011,89.172577
4/4/2011,89.172577
4/5/2011,89.172577
4/6/2011,89.172577
4/7/2011,89.192055
4/8/2011,89.172577
4/11/2011,89.172577
4/12/2011,89.192055
4/13/2011,89.192055
4/14/2011,89.172577
4/15/2011,89.192055
4/18/2011,89.172577
4/19/2011,89.172577
4/20/2011,89.172577
4/21/2011,89.172577
4/25/2011,89.172577
4/26/2011,89.172577
4/27/2011,89.172577
4/28/2011,89.172577
4/29/2011,89.172577
5/2/2011,89.172577
5/3/2011,89.172577
5/4/2011,89.211487
5/5/2011,89.211487
5/6/2011,89.211487
5/9/2011,89.211487
5/10/2011,89.211487
5/11/2011,89.211487
5/12/2011,89.211487
5/13/2011,89.192055
5/16/2011,89.192055
5/17/2011,89.192055
5/18/2011,89.172577
5/19/2011,89.211487
5/20/2011,89.192055
5/23/2011,89.192055
5/24/2011,89.192055
5/25/2011,89.192055
5/26/2011,89.192055
5/27/2011,89.192055
5/31/2011,89.192055
6/1/2011,89.172577
6/2/2011,89.172577
6/3/2011,89.172577
6/6/2011,89.172577
6/7/2011,89.192055
6/8/2011,89.192055
6/9/2011,89.172577
6/10/2011,89.192055
6/13/2011,89.172577
6/14/2011,89.192055
6/15/2011,89.192055
6/16/2011,89.192055
6/17/2011,89.192055
6/20/2011,89.192055
6/21/2011,89.172577
6/22/2011,89.192055
6/23/2011,89.192055
6/24/2011,89.172577
6/27/2011,89.172577
6/28/2011,89.172577
6/29/2011,89.192055
6/30/2011,89.192055
7/1/2011,89.172577
7/5/2011,89.172577
7/6/2011,89.192055
7/7/2011,89.172577
7/8/2011,89.172577
7/11/2011,89.153175
7/12/2011,89.172577
7/13/2011,89.192055
7/14/2011,89.192055
7/15/2011,89.192055
7/18/2011,89.192055
7/19/2011,89.192055
7/20/2011,89.172577
7/21/2011,89.172577
7/22/2011,89.192055
7/25/2011,89.192055
7/26/2011,89.192055
7/27/2011,89.192055
7/28/2011,89.192055
7/29/2011,89.192055
8/1/2011,89.192055
8/2/2011,89.192055
8/3/2011,89.192055
8/4/2011,89.192055
8/5/2011,89.192055
8/8/2011,89.192055
8/9/2011,89.192055
8/10/2011,89.192055
8/11/2011,89.192055
8/12/2011,89.192055
8/15/2011,89.192055
8/16/2011,89.192055
8/17/2011,89.192055
8/18/2011,89.153175
8/19/2011,89.192055
8/22/2011,89.153175
8/23/2011,89.192055
8/24/2011,89.192055
8/25/2011,89.153175
8/26/2011,89.192055
8/29/2011,89.192055
8/30/2011,89.192055
8/31/2011,89.192055
9/1/2011,89.192055
9/2/2011,89.192055
9/6/2011,89.172577
9/7/2011,89.153175
9/8/2011,89.153175
9/9/2011,89.172577
9/12/2011,89.172577
9/13/2011,89.153175
9/14/2011,89.153175
9/15/2011,89.153175
9/16/2011,89.153175
9/19/2011,89.172577
9/20/2011,89.172577
9/21/2011,89.172577
9/22/2011,89.153175
9/23/2011,89.172577
9/26/2011,89.172577
9/27/2011,89.153175
9/28/2011,89.172577
9/29/2011,89.172577
9/30/2011,89.172577
10/3/2011,89.172577
10/4/2011,89.172577
10/5/2011,89.172577
10/6/2011,89.153175
10/7/2011,89.172577
10/10/2011,89.153175
10/11/2011,89.172577
10/12/2011,89.153175
10/13/2011,89.172577
10/14/2011,89.153175
10/17/2011,89.153175
10/18/2011,89.172577
10/19/2011,89.172577
10/20/2011,89.172577
10/21/2011,89.153175
10/24/2011,89.153175
10/25/2011,89.172577
10/26/2011,89.172577
10/27/2011,89.153175
10/28/2011,89.153175
10/31/2011,89.133713
11/1/2011,89.172577
11/2/2011,89.153175
11/3/2011,89.133713
11/4/2011,89.153175
11/7/2011,89.172577
11/8/2011,89.172577
11/9/2011,89.153175
11/10/2011,89.172577
11/11/2011,89.153175
11/14/2011,89.172577
11/15/2011,89.153175
11/16/2011,89.172577
11/17/2011,89.172577
11/18/2011,89.172577
11/21/2011,89.172577
11/22/2011,89.153175
11/23/2011,89.172577
11/25/2011,89.172577
11/28/2011,89.172577
11/29/2011,89.133713
11/30/2011,89.153175
12/1/2011,89.133713
12/2/2011,89.153175
12/5/2011,89.153175
12/6/2011,89.172577
12/7/2011,89.153175
12/8/2011,89.153175
12/9/2011,89.133713
12/12/2011,89.133713
12/13/2011,89.133713
12/14/2011,89.153175
12/15/2011,89.133713
12/16/2011,89.153175
12/19/2011,89.153175
12/20/2011,89.153175
12/21/2011,89.153175
12/22/2011,89.153175
12/23/2011,89.153175
12/27/2011,89.133713
12/28/2011,89.137596
12/29/2011,89.137596
12/30/2011,89.137596
1/3/2012,89.118156
1/4/2012,89.118156
1/5/2012,89.118156
1/6/2012,89.118156
1/9/2012,89.137596
1/10/2012,89.137596
1/11/2012,89.118156
1/12/2012,89.118156
1/13/2012,89.118156
1/17/2012,89.118156
1/18/2012,89.118156
1/19/2012,89.118156
1/20/2012,89.118156
1/23/2012,89.118156
1/24/2012,89.118156
1/25/2012,89.118156
1/26/2012,89.118156
1/27/2012,89.118156
1/30/2012,89.137596
1/31/2012,89.118156
2/1/2012,89.118156
2/2/2012,89.118156
2/3/2012,89.118156
2/6/2012,89.137596
2/7/2012,89.118156
2/8/2012,89.137596
2/9/2012,89.118156
2/10/2012,89.137596
2/13/2012,89.118156
2/14/2012,89.137596
2/15/2012,89.118156
2/16/2012,89.137596
2/17/2012,89.118156
2/21/2012,89.118156
2/22/2012,89.118156
2/23/2012,89.118156
2/24/2012,89.137596
2/27/2012,89.118156
2/28/2012,89.118156
2/29/2012,89.137596
3/1/2012,89.118156
3/2/2012,89.118156
3/5/2012,89.118156
3/6/2012,89.118156
3/7/2012,89.118156
3/8/2012,89.137596
3/9/2012,89.137596
3/12/2012,89.137596
3/13/2012,89.137596
3/14/2012,89.118156
3/15/2012,89.118156
3/16/2012,89.118156
3/19/2012,89.137596
3/20/2012,89.137596
3/21/2012,89.137596
3/22/2012,89.137596
3/23/2012,89.137596
3/26/2012,89.137596
3/27/2012,89.118156
3/28/2012,89.137596
3/29/2012,89.118156
3/30/2012,89.118156
4/2/2012,89.098679
4/3/2012,89.118156
4/4/2012,89.098679
4/5/2012,89.118156
4/9/2012,89.137596
4/10/2012,89.137596
4/11/2012,89.137596
4/12/2012,89.118156
4/13/2012,89.098679
4/16/2012,89.118156
4/17/2012,89.118156
4/18/2012,89.118156
4/19/2012,89.137596
4/20/2012,89.118156
4/23/2012,89.137596
4/24/2012,89.137596
4/25/2012,89.118156
4/26/2012,89.137596
4/27/2012,89.118156
4/30/2012,89.137596
5/1/2012,89.137596
5/2/2012,89.137596
5/3/2012,89.118156
5/4/2012,89.118156
5/7/2012,89.137596
5/8/2012,89.137596
5/9/2012,89.137596
5/10/2012,89.137596
5/11/2012,89.137596
5/14/2012,89.137596
5/15/2012,89.137596
5/16/2012,89.137596
5/17/2012,89.137596
5/18/2012,89.137596
5/21/2012,89.137596
5/22/2012,89.098679
5/23/2012,89.098679
5/24/2012,89.137596
5/25/2012,89.137596
5/29/2012,89.137596
5/30/2012,89.137596
5/31/2012,89.137596
6/1/2012,89.137596
6/4/2012,89.137596
6/5/2012,89.137596
6/6/2012,89.118156
6/7/2012,89.118156
6/8/2012,89.118156
6/11/2012,89.118156
6/12/2012,89.137596
6/13/2012,89.137596
6/14/2012,89.137596
6/15/2012,89.118156
6/18/2012,89.137596
6/19/2012,89.098679
6/20/2012,89.098679
6/21/2012,89.137596
6/22/2012,89.118156
6/25/2012,89.137596
6/26/2012,89.137596
6/27/2012,89.118156
6/28/2012,89.137596
6/29/2012,89.098679
7/2/2012,89.098679
7/3/2012,89.098679
7/5/2012,89.098679
7/6/2012,89.098679
7/9/2012,89.098679
7/10/2012,89.098679
7/11/2012,89.098679
7/12/2012,89.098679
7/13/2012,89.118156
7/16/2012,89.098679
7/17/2012,89.098679
7/18/2012,89.098679
7/19/2012,89.118156
7/20/2012,89.098679
7/23/2012,89.098679
7/24/2012,89.118156
7/25/2012,89.137596
7/26/2012,89.118156
7/27/2012,89.137596
7/30/2012,89.137596
7/31/2012,89.098679
8/1/2012,89.118156
8/2/2012,89.118156
8/3/2012,89.118156
8/6/2012,89.137596
8/7/2012,89.118156
8/8/2012,89.098679
8/9/2012,89.098679
8/10/2012,89.098679
8/13/2012,89.098679
8/14/2012,89.098679
8/15/2012,89.098679
8/16/2012,89.098679
8/17/2012,89.098679
8/20/2012,89.098679
8/21/2012,89.098679
8/22/2012,89.098679
8/23/2012,89.098679
8/24/2012,89.098679
8/27/2012,89.098679
8/28/2012,89.098679
8/29/2012,89.098679
8/30/2012,89.098679
8/31/2012,89.098679
9/4/2012,89.098679
9/5/2012,89.118156
9/6/2012,89.118156
9/7/2012,89.098679
9/10/2012,89.098679
9/11/2012,89.098679
9/12/2012,89.098679
9/13/2012,89.098679
9/14/2012,89.098679
9/17/2012,89.098679
9/18/2012,89.098679
9/19/2012,89.098679
9/20/2012,89.098679
9/21/2012,89.098679
9/24/2012,89.098679
9/25/2012,89.098679
9/26/2012,89.098679
9/27/2012,89.118156
9/28/2012,89.098679
10/1/2012,89.098679
10/2/2012,89.118156
10/3/2012,89.098679
10/4/2012,89.098679
10/5/2012,89.098679
10/8/2012,89.098679
10/9/2012,89.098679
10/10/2012,89.118156
10/11/2012,89.118156
10/12/2012,89.098679
10/15/2012,89.118156
10/16/2012,89.098679
10/17/2012,89.118156
10/18/2012,89.098679
10/19/2012,89.098679
10/22/2012,89.098679
10/23/2012,89.118156
10/24/2012,89.118156
10/25/2012,89.098679
10/26/2012,89.098679
10/31/2012,89.118156
11/1/2012,89.118156
11/2/2012,89.118156
11/5/2012,89.098679
11/6/2012,89.098679
11/7/2012,89.118156
11/8/2012,89.118156
11/9/2012,89.118156
11/12/2012,89.118156
11/13/2012,89.118156
11/14/2012,89.118156
11/15/2012,89.118156
11/16/2012,89.118156
11/19/2012,89.118156
11/20/2012,89.098679
11/21/2012,89.098679
11/23/2012,89.098679
11/26/2012,89.098679
11/27/2012,89.098679
11/28/2012,89.098679
11/29/2012,89.098679
11/30/2012,89.098679
12/3/2012,89.098679
12/4/2012,89.098679
12/5/2012,89.098679
12/6/2012,89.098679
12/7/2012,89.098679
12/10/2012,89.098679
12/11/2012,89.098679
12/12/2012,89.098679
12/13/2012,89.098679
12/14/2012,89.098679
12/17/2012,89.098679
12/18/2012,89.118156
12/19/2012,89.098679
12/20/2012,89.098679
12/21/2012,89.098679
12/24/2012,89.098679
12/26/2012,89.098679
12/27/2012,89.098679
12/28/2012,89.118156
12/31/2012,89.098679
1/2/2013,89.098679
1/3/2013,89.098679
1/4/2013,89.118156
1/7/2013,89.079231
1/8/2013,89.079231
1/9/2013,89.079231
1/10/2013,89.079231
1/11/2013,89.079231
1/14/2013,89.079231
1/15/2013,89.079231
1/16/2013,89.079231
1/17/2013,89.098679
1/18/2013,89.079231
1/22/2013,89.079231
1/23/2013,89.079231
1/24/2013,89.098679
1/25/2013,89.079231
1/28/2013,89.079231
1/29/2013,89.079231
1/30/2013,89.079231
1/31/2013,89.098679
2/1/2013,89.079231
2/4/2013,89.079231
2/5/2013,89.098679
2/6/2013,89.098679
2/7/2013,89.098679
2/8/2013,89.098679
2/11/2013,89.098679
2/12/2013,89.098679
2/13/2013,89.079231
2/14/2013,89.098679
2/15/2013,89.079231
2/19/2013,89.079231
2/20/2013,89.098679
2/21/2013,89.079231
2/22/2013,89.098679
2/25/2013,89.079231
2/26/2013,89.079231
2/27/2013,89.098679
2/28/2013,89.098679
3/1/2013,89.098679
3/4/2013,89.079231
3/5/2013,89.098679
3/6/2013,89.079231
3/7/2013,89.098679
3/8/2013,89.079231
3/11/2013,89.098679
3/12/2013,89.079231
3/13/2013,89.098679
3/14/2013,89.098679
3/15/2013,89.098679
3/18/2013,89.079231
3/19/2013,89.079231
3/20/2013,89.079231
3/21/2013,89.079231
3/22/2013,89.098679
3/25/2013,89.079231
3/26/2013,89.098679
3/27/2013,89.079231
3/28/2013,89.098679
4/1/2013,89.079231
4/2/2013,89.098679
4/3/2013,89.079231
4/4/2013,89.079231
4/5/2013,89.098679
4/8/2013,89.098679
4/9/2013,89.098679
4/10/2013,89.098679
4/11/2013,89.079231
4/12/2013,89.098679
4/15/2013,89.098679
4/16/2013,89.098679
4/17/2013,89.098679
4/18/2013,89.079231
4/19/2013,89.098679
4/22/2013,89.098679
4/23/2013,89.098679
4/24/2013,89.098679
4/25/2013,89.079231
4/26/2013,89.079231
4/29/2013,89.079231
4/30/2013,89.079231
5/1/2013,89.079231
5/2/2013,89.098679
5/3/2013,89.079231
5/6/2013,89.079231
5/7/2013,89.079231
5/8/2013,89.098679
5/9/2013,89.098679
5/10/2013,89.079231
5/13/2013,89.098679
5/14/2013,89.079231
5/15/2013,89.079231
5/16/2013,89.079231
5/17/2013,89.098679
5/20/2013,89.079231
5/21/2013,89.098679
5/22/2013,89.098679
5/23/2013,89.098679
5/24/2013,89.098679
5/28/2013,89.079231
5/29/2013,89.098679
5/30/2013,89.079231
5/31/2013,89.098679
6/3/2013,89.098679
6/4/2013,89.098679
6/5/2013,89.098679
6/6/2013,89.079231
6/7/2013,89.098679
6/10/2013,89.079231
6/11/2013,89.098679
6/12/2013,89.079231
6/13/2013,89.098679
6/14/2013,89.079231
6/17/2013,89.079231
6/18/2013,89.079231
6/19/2013,89.079231
6/20/2013,89.079231
6/21/2013,89.098679
6/24/2013,89.098679
6/25/2013,89.098679
6/26/2013,89.098679
6/27/2013,89.079231
6/28/2013,89.079231
7/1/2013,89.098679
7/2/2013,89.079231
7/3/2013,89.098679
7/5/2013,89.098679
7/8/2013,89.059799
7/9/2013,89.059799
7/10/2013,89.059799
7/11/2013,89.059799
7/12/2013,89.059799
7/15/2013,89.059799
7/16/2013,89.059799
7/17/2013,89.059799
7/18/2013,89.079231
7/19/2013,89.079231
7/22/2013,89.079231
7/23/2013,89.079231
7/24/2013,89.098679
7/25/2013,89.059799
7/26/2013,89.059799
7/29/2013,89.079231
7/30/2013,89.059799
7/31/2013,89.079231
8/1/2013,89.059799
8/2/2013,89.079231
8/5/2013,89.079231
8/6/2013,89.079231
8/7/2013,89.059799
8/8/2013,89.059799
8/9/2013,89.079231
8/12/2013,89.079231
8/13/2013,89.079231
8/14/2013,89.079231
8/15/2013,89.079231
8/16/2013,89.079231
8/19/2013,89.059799
8/20/2013,89.079231
8/21/2013,89.079231
8/22/2013,89.059799
8/23/2013,89.079231
8/26/2013,89.059799
8/27/2013,89.059799
8/28/2013,89.059799
8/29/2013,89.079231
8/30/2013,89.079231
9/3/2013,89.079231
9/4/2013,89.079231
9/5/2013,89.079231
9/6/2013,89.079231
9/9/2013,89.040352
9/10/2013,89.059799
9/11/2013,89.059799
9/12/2013,89.059799
9/13/2013,89.079231
9/16/2013,89.059799
9/17/2013,89.059799
9/18/2013,89.079231
9/19/2013,89.079231
9/20/2013,89.059799
9/23/2013,89.059799
9/24/2013,89.059799
9/25/2013,89.059799
9/26/2013,89.059799
9/27/2013,89.059799
9/30/2013,89.059799
10/1/2013,89.079231
10/2/2013,89.079231
10/3/2013,89.079231
10/4/2013,89.079231
10/7/2013,89.079231
10/8/2013,89.079231
10/9/2013,89.059799
10/10/2013,89.040352
10/11/2013,89.020927
10/14/2013,89.020927
10/15/2013,89.020927
10/16/2013,89.040352
10/17/2013,89.040352
10/18/2013,89.059799
10/21/2013,89.059799
10/22/2013,89.059799
10/23/2013,89.059799
10/24/2013,89.040352
10/25/2013,89.059799
10/28/2013,89.059799
10/29/2013,89.040352
10/30/2013,89.040352
10/31/2013,89.040352
11/1/2013,89.040352
11/4/2013,89.040352
11/5/2013,89.040352
11/6/2013,89.059799
11/7/2013,89.040352
11/8/2013,89.040352
11/11/2013,89.059799
11/12/2013,89.059799
11/13/2013,89.059799
11/14/2013,89.040352
11/15/2013,89.040352
11/18/2013,89.040352
11/19/2013,89.040352
11/20/2013,89.040352
11/21/2013,89.059799
11/22/2013,89.040352
11/25/2013,89.040352
11/26/2013,89.040352
11/27/2013,89.059799
11/29/2013,89.020927
12/2/2013,89.040352
12/3/2013,89.059799
12/4/2013,89.059799
12/5/2013,89.059799
12/6/2013,89.059799
12/9/2013,89.059799
12/10/2013,89.040352
12/11/2013,89.059799
12/12/2013,89.059799
12/13/2013,89.059799
12/16/2013,89.040352
12/17/2013,89.040352
12/18/2013,89.059799
12/19/2013,89.059799
12/20/2013,89.040352
12/23/2013,89.040352
12/24/2013,89.040352
12/26/2013,89.040352
12/27/2013,89.059799
12/30/2013,89.059799
12/31/2013,89.020927
1/2/2014,89.020927
1/3/2014,89.040352
1/6/2014,89.020927
1/7/2014,89.040352
1/8/2014,89.040352
1/9/2014,89.020927
1/10/2014,89.040352
1/13/2014,89.040352
1/14/2014,89.040352
1/15/2014,89.040352
1/16/2014,89.040352
1/17/2014,89.020927
1/21/2014,89.040352
1/22/2014,89.040352
1/23/2014,89.040352
1/24/2014,89.020927
1/27/2014,89.020927
1/28/2014,89.020927
1/29/2014,89.040352
1/30/2014,89.040352
1/31/2014,89.020927
2/3/2014,89.020927
2/4/2014,89.040352
2/5/2014,89.020927
2/6/2014,89.020927
2/7/2014,89.040352
2/10/2014,89.020927
2/11/2014,89.020927
2/12/2014,89.040352
2/13/2014,89.040352
2/14/2014,89.040352
2/18/2014,89.020927
2/19/2014,89.040352
2/20/2014,89.040352
2/21/2014,89.020927
2/24/2014,89.040352
2/25/2014,89.040352
2/26/2014,89.040352
2/27/2014,89.020927
2/28/2014,89.040352
3/3/2014,89.040352
3/4/2014,89.020927
3/5/2014,89.040352
3/6/2014,89.040352
3/7/2014,89.020927
3/10/2014,89.020927
3/11/2014,89.020927
3/12/2014,89.020927
3/13/2014,89.020927
3/14/2014,89.020927
3/17/2014,89.020927
3/18/2014,89.020927
3/19/2014,89.040352
3/20/2014,89.020927
3/21/2014,89.040352
3/24/2014,89.040352
3/25/2014,89.040352
3/26/2014,89.020927
3/27/2014,89.020927
3/28/2014,89.020927
3/31/2014,89.020927
4/1/2014,89.020927
4/2/2014,89.020927
4/3/2014,89.040352
4/4/2014,89.020927
4/7/2014,89.020927
4/8/2014,89.020927
4/9/2014,89.020927
4/10/2014,89.020927
4/11/2014,89.020927
4/14/2014,89.020927
4/15/2014,89.020927
4/16/2014,89.020927
4/17/2014,89.040352
4/21/2014,89.020927
4/22/2014,89.001442
4/23/2014,89.020927
4/24/2014,89.020927
4/25/2014,89.020927
4/28/2014,89.020927
4/29/2014,89.020927
4/30/2014,89.020927
5/1/2014,89.001442
5/2/2014,89.020927
5/5/2014,89.020927
5/6/2014,89.001442
5/7/2014,89.001442
5/8/2014,89.001442
5/9/2014,89.020927
5/12/2014,89.001442
5/13/2014,89.020927
5/14/2014,89.020927
5/15/2014,89.020927
5/16/2014,89.020927
5/19/2014,89.020927
5/20/2014,89.020927
5/21/2014,89.001442
5/22/2014,89.001442
5/23/2014,89.020927
5/27/2014,89.001442
5/28/2014,89.020927
5/29/2014,89.001442
5/30/2014,89.020927
6/2/2014,89.001442
6/3/2014,89.001442
6/4/2014,89.001442
6/5/2014,89.001442
6/6/2014,89.001442
6/9/2014,89.020927
6/10/2014,89.020927
6/11/2014,89.001442
6/12/2014,89.020927
6/13/2014,89.001442
6/16/2014,89.020927
6/17/2014,89.001442
6/18/2014,89.020927
6/19/2014,89.020927
6/20/2014,89.020927
6/23/2014,89.020927
6/24/2014,89.020927
6/25/2014,89.001442
6/26/2014,89.001442
6/27/2014,89.020927
6/30/2014,89.001442
7/1/2014,89.020927
7/2/2014,89.020927
7/3/2014,89.001442
7/7/2014,89.020927
7/8/2014,89.020927
7/9/2014,89.001442
7/10/2014,89.001442
7/11/2014,89.001442
7/14/2014,89.001442
7/15/2014,89.001442
7/16/2014,89.001442
7/17/2014,89.001442
7/18/2014,88.981995
7/21/2014,89.001442
7/22/2014,88.981995
7/23/2014,89.001442
7/24/2014,89.001442
7/25/2014,89.001442
7/28/2014,89.001442
7/29/2014,89.001442
7/30/2014,89.001442
7/31/2014,88.981995
8/1/2014,89.001442
8/4/2014,89.001442
8/5/2014,88.981995
8/6/2014,88.981995
8/7/2014,89.001442
8/8/2014,88.981995
8/11/2014,88.981995
8/12/2014,88.981995
8/13/2014,89.001442
8/14/2014,88.981995
8/15/2014,89.001442
8/18/2014,88.981995
8/19/2014,89.001442
8/20/2014,88.981995
8/21/2014,89.001442
8/22/2014,89.001442
8/25/2014,89.001442
8/26/2014,89.001442
8/27/2014,88.981995
8/28/2014,89.001442
8/29/2014,89.001442
9/2/2014,88.981995
9/3/2014,89.001442
9/4/2014,88.981995
9/5/2014,89.001442
9/8/2014,88.981995
9/9/2014,88.981995
9/10/2014,89.001442
9/11/2014,88.981995
9/12/2014,88.981995
9/15/2014,88.981995
9/16/2014,88.981995
9/17/2014,88.981995
9/18/2014,89.001442
9/19/2014,89.001442
9/22/2014,89.001442
9/23/2014,89.001442
9/24/2014,89.001442
9/25/2014,89.001442
9/26/2014,89.001442
9/29/2014,88.981995
9/30/2014,89.001442
10/1/2014,89.001442
10/2/2014,89.001442
10/3/2014,88.96254
10/6/2014,88.96254
10/7/2014,88.981995
10/8/2014,88.981995
10/9/2014,88.981995
10/10/2014,88.981995
10/13/2014,88.981995
10/14/2014,88.96254
10/15/2014,88.96254
10/16/2014,88.981995
10/17/2014,88.981995
10/20/2014,88.981995
10/21/2014,88.96254
10/22/2014,88.981995
10/23/2014,88.96254
10/24/2014,88.96254
10/27/2014,88.96254
10/28/2014,88.96254
10/29/2014,88.981995
10/30/2014,88.96254
10/31/2014,88.981995
11/3/2014,88.96254
11/4/2014,88.981995
11/5/2014,88.96254
11/6/2014,88.981995
11/7/2014,88.96254
11/10/2014,88.981995
11/11/2014,88.981995
11/12/2014,88.981995
11/13/2014,88.96254
11/14/2014,88.96254
11/17/2014,88.981995
11/18/2014,88.96254
11/19/2014,88.96254
11/20/2014,88.96254
11/21/2014,88.96254
11/24/2014,88.981995
11/25/2014,88.981995
11/26/2014,88.96254
11/28/2014,88.981995
12/1/2014,88.96254
12/2/2014,88.96254
12/3/2014,88.96254
12/4/2014,88.96254
12/5/2014,88.981995
12/8/2014,88.981995
12/9/2014,88.96254
12/10/2014,88.96254
12/11/2014,88.96254
12/12/2014,88.981995
12/15/2014,88.9431
12/16/2014,88.9431
12/17/2014,88.9431
12/18/2014,88.96254
12/19/2014,88.9431
12/22/2014,88.9431
12/23/2014,88.9431
12/24/2014,88.96254
12/26/2014,88.9431
12/29/2014,88.9431
12/30/2014,88.9431
12/31/2014,88.96254
1/2/2015,88.9431
1/5/2015,88.96254
1/6/2015,88.9431
1/7/2015,88.9431
1/8/2015,88.9431
1/9/2015,88.9431
1/12/2015,88.9431
1/13/2015,88.9431
1/14/2015,88.9431
1/15/2015,88.9431
1/16/2015,88.9431
1/20/2015,88.9431
1/21/2015,88.96254
1/22/2015,88.9431
1/23/2015,88.96254
1/26/2015,88.96254
1/27/2015,88.96254
1/28/2015,88.9431
1/29/2015,88.9431
1/30/2015,88.9431
2/2/2015,88.9431
2/3/2015,88.96254
2/4/2015,88.9431
2/5/2015,88.9431
2/6/2015,88.9431
2/9/2015,88.923653
2/10/2015,88.9431
2/11/2015,88.923653
2/12/2015,88.923653
2/13/2015,88.9431
2/17/2015,88.9431
2/18/2015,88.9431
2/19/2015,88.9431
2/20/2015,88.923653
2/23/2015,88.9431
2/24/2015,88.923653
2/25/2015,88.9431
2/26/2015,88.923653
2/27/2015,88.9431
3/2/2015,88.923653
3/3/2015,88.9431
3/4/2015,88.9431
3/5/2015,88.9431
3/6/2015,88.923653
3/9/2015,88.9431
3/10/2015,88.9431
3/11/2015,88.9431
3/12/2015,88.923653
3/13/2015,88.9431
3/16/2015,88.9431
3/17/2015,88.9431
3/18/2015,88.9431
3/19/2015,88.9431
3/20/2015,88.9431
3/23/2015,88.923653
3/24/2015,88.9431
3/25/2015,88.923653
3/26/2015,88.923653
3/27/2015,88.923653
3/30/2015,88.904198
3/31/2015,88.9431
4/1/2015,88.904198
4/2/2015,88.923653
4/6/2015,88.923653
4/7/2015,88.9431
4/8/2015,88.9431
4/9/2015,88.923653
4/10/2015,88.923653
4/13/2015,88.904198
4/14/2015,88.923653
4/15/2015,88.904198
4/16/2015,88.923653
4/17/2015,88.904198
4/20/2015,88.904198
4/21/2015,88.923653
4/22/2015,88.904198
4/23/2015,88.904198
4/24/2015,88.904198
4/27/2015,88.923653
4/28/2015,88.923653
4/29/2015,88.923653
4/30/2015,88.923653
5/1/2015,88.904198
5/4/2015,88.923653
5/5/2015,88.923653
5/6/2015,88.923653
5/7/2015,88.904198
5/8/2015,88.923653
5/11/2015,88.904198
5/12/2015,88.923653
5/13/2015,88.923653
5/14/2015,88.904198
5/15/2015,88.904198
5/18/2015,88.904198
5/19/2015,88.904198
5/20/2015,88.904198
5/21/2015,88.923653
5/22/2015,88.923653
5/26/2015,88.923653
5/27/2015,88.923653
5/28/2015,88.904198
5/29/2015,88.904198
6/1/2015,88.904198
6/2/2015,88.923653
6/3/2015,88.923653
6/4/2015,88.904198
6/5/2015,88.904198
6/8/2015,88.884743
6/9/2015,88.884743
6/10/2015,88.904198
6/11/2015,88.923653
6/12/2015,88.904198
6/15/2015,88.923653
6/16/2015,88.884743
6/17/2015,88.923653
6/18/2015,88.884743
6/19/2015,88.884743
6/22/2015,88.904198
6/23/2015,88.884743
6/24/2015,88.884743
6/25/2015,88.904198
6/26/2015,88.884743
6/29/2015,88.904198
6/30/2015,88.904198
7/1/2015,88.904198
7/2/2015,88.904198
7/6/2015,88.904198
7/7/2015,88.884743
7/8/2015,88.884743
7/9/2015,88.884743
7/10/2015,88.884743
7/13/2015,88.884743
7/14/2015,88.904198
7/15/2015,88.884743
7/16/2015,88.884743
7/17/2015,88.904198
7/20/2015,88.884743
7/21/2015,88.904198
7/22/2015,88.884743
7/23/2015,88.884743
7/24/2015,88.904198
7/27/2015,88.884743
7/28/2015,88.884743
7/29/2015,88.904198
7/30/2015,88.904198
7/31/2015,88.904198
8/3/2015,88.904198
8/4/2015,88.884743
8/5/2015,88.884743
8/6/2015,88.884743
8/7/2015,88.884743
8/10/2015,88.904198
8/11/2015,88.884743
8/12/2015,88.884743
8/13/2015,88.884743
8/14/2015,88.865311
8/17/2015,88.865311
8/18/2015,88.884743
8/19/2015,88.904198
8/20/2015,88.884743
8/21/2015,88.884743
8/24/2015,88.884743
8/25/2015,88.884743
8/26/2015,88.904198
8/27/2015,88.884743
8/28/2015,88.904198
8/31/2015,88.904198
9/1/2015,88.904198
9/2/2015,88.884743
9/3/2015,88.904198
9/4/2015,88.884743
9/8/2015,88.884743
9/9/2015,88.884743
9/10/2015,88.865311
9/11/2015,88.884743
9/14/2015,88.884743
9/15/2015,88.865311
9/16/2015,88.865311
9/17/2015,88.865311
9/18/2015,88.865311
9/21/2015,88.884743
9/22/2015,88.884743
9/23/2015,88.865311
9/24/2015,88.865311
9/25/2015,88.865311
9/28/2015,88.884743
9/29/2015,88.884743
9/30/2015,88.865311
10/1/2015,88.884743
10/2/2015,88.884743
10/5/2015,88.865311
10/6/2015,88.865311
10/7/2015,88.865311
10/8/2015,88.865311
10/9/2015,88.865311
10/12/2015,88.865311
10/13/2015,88.865311
10/14/2015,88.865311
10/15/2015,88.865311
10/16/2015,88.865311
10/19/2015,88.865311
10/20/2015,88.845856
10/21/2015,88.865311
10/22/2015,88.865311
10/23/2015,88.865311
10/26/2015,88.845856
10/27/2015,88.845856
10/28/2015,88.845856
10/29/2015,88.845856
10/30/2015,88.845856
11/2/2015,88.845856
11/3/2015,88.865311
11/4/2015,88.845856
11/5/2015,88.845856
11/6/2015,88.845856
11/9/2015,88.865311
11/10/2015,88.845856
11/11/2015,88.865311
11/12/2015,88.865311
11/13/2015,88.845856
11/16/2015,88.865311
11/17/2015,88.845856
11/18/2015,88.845856
11/19/2015,88.865311
11/20/2015,88.845856
11/23/2015,88.865311
11/24/2015,88.845856
11/25/2015,88.845856
11/27/2015,88.865311
11/30/2015,88.865311
12/1/2015,88.845856
12/2/2015,88.845856
12/3/2015,88.865311
12/4/2015,88.865311
12/7/2015,88.865311
12/8/2015,88.845856
12/9/2015,88.826401
12/10/2015,88.845856
12/11/2015,88.865311
12/14/2015,88.865311
12/15/2015,88.845856
12/16/2015,88.865311
12/17/2015,88.845856
12/18/2015,88.865311
12/21/2015,88.845856
12/22/2015,88.845856
12/23/2015,88.845856
12/24/2015,88.865311
12/28/2015,88.845856
12/29/2015,88.845856
12/30/2015,88.865311
12/31/2015,88.845856
1/4/2016,88.865311
1/5/2016,88.865311
1/6/2016,88.826401
1/7/2016,88.845856
1/8/2016,88.845856
1/11/2016,88.845856
1/12/2016,88.865311
1/13/2016,88.845856
1/14/2016,88.826401
1/15/2016,88.826401
1/19/2016,88.845856
1/20/2016,88.845856
1/21/2016,88.865311
1/22/2016,88.826401
1/25/2016,88.845856
1/26/2016,88.826401
1/27/2016,88.845856
1/28/2016,88.845856
1/29/2016,88.865311
2/1/2016,88.826401
2/2/2016,88.826401
2/3/2016,88.845856
2/4/2016,88.865311
2/5/2016,88.865311
2/8/2016,88.845856
2/9/2016,88.865311
2/10/2016,88.845856
2/11/2016,88.865311
2/12/2016,88.845856
2/16/2016,88.845856
2/17/2016,88.845856
2/18/2016,88.865311
2/19/2016,88.865311
2/22/2016,88.865311
2/23/2016,88.845856
2/24/2016,88.865311
2/25/2016,88.845856
2/26/2016,88.845856
2/29/2016,88.865311
3/1/2016,88.865311
3/2/2016,88.845856
3/3/2016,88.865311
3/4/2016,88.865311
3/7/2016,88.865311
3/8/2016,88.845856
3/9/2016,88.865311
3/10/2016,88.865311
3/11/2016,88.845856
3/14/2016,88.845856
3/15/2016,88.845856
3/16/2016,88.865311
3/17/2016,88.845856
3/18/2016,88.845856
3/21/2016,88.865311
3/22/2016,88.865311
3/23/2016,88.845856
3/24/2016,88.865311
3/28/2016,88.865311
3/29/2016,88.865311
3/30/2016,88.865311
3/31/2016,88.865311
4/1/2016,88.865311
4/4/2016,88.865311
4/5/2016,88.884743
4/6/2016,88.884743
4/7/2016,88.865311
4/8/2016,88.884743
4/11/2016,88.865311
4/12/2016,88.865311
4/13/2016,88.884743
4/14/2016,88.884743
4/15/2016,88.865311
4/18/2016,88.884743
4/19/2016,88.884743
4/20/2016,88.884743
4/21/2016,88.865311
4/22/2016,88.884743
4/25/2016,88.865311
4/26/2016,88.884743
4/27/2016,88.884743
4/28/2016,88.884743
4/29/2016,88.904198
5/2/2016,88.884743
5/3/2016,88.904198
5/4/2016,88.884743
5/5/2016,88.884743
5/6/2016,88.904198
5/9/2016,88.904198
5/10/2016,88.904198
5/11/2016,88.865311
5/12/2016,88.865311
5/13/2016,88.865311
5/16/2016,88.865311
5/17/2016,88.865311
5/18/2016,88.884743
5/19/2016,88.865311
5/20/2016,88.884743
5/23/2016,88.904198
5/24/2016,88.865311
5/25/2016,88.884743
5/26/2016,88.884743
5/27/2016,88.904198
5/31/2016,88.904198
6/1/2016,88.904198
6/2/2016,88.884743
6/3/2016,88.904198
6/6/2016,88.923653
6/7/2016,88.923653
6/8/2016,88.923653
6/9/2016,88.884743
6/10/2016,88.884743
6/13/2016,88.884743
6/14/2016,88.884743
6/15/2016,88.884743
6/16/2016,88.904198
6/17/2016,88.884743
6/20/2016,88.904198
6/21/2016,88.904198
6/22/2016,88.904198
6/23/2016,88.904198
6/24/2016,88.884743
6/27/2016,88.884743
6/28/2016,88.884743
6/29/2016,88.884743
6/30/2016,88.884743
7/1/2016,88.923653
7/5/2016,88.923653
7/6/2016,88.904198
7/7/2016,88.923653
7/8/2016,88.904198
7/11/2016,88.923653
7/12/2016,88.884743
7/13/2016,88.904198
7/14/2016,88.923653
7/15/2016,88.904198
7/18/2016,88.904198
7/19/2016,88.923653
7/20/2016,88.923653
7/21/2016,88.923653
7/22/2016,88.923653
7/25/2016,88.904198
7/26/2016,88.904198
7/27/2016,88.923653
7/28/2016,88.904198
7/29/2016,88.923653
8/1/2016,88.904198
8/2/2016,88.923653
8/3/2016,88.904198
8/4/2016,88.904198
8/5/2016,88.904198
8/8/2016,88.904198
8/9/2016,88.904198
8/10/2016,88.904198
8/11/2016,88.904198
8/12/2016,88.904198
8/15/2016,88.904198
8/16/2016,88.904198
8/17/2016,88.904198
8/18/2016,88.923653
8/19/2016,88.904198
8/22/2016,88.904198
8/23/2016,88.904198
8/24/2016,88.923653
8/25/2016,88.904198
8/26/2016,88.904198
8/29/2016,88.923653
8/30/2016,88.923653
8/31/2016,88.923653
9/1/2016,88.923653
9/2/2016,88.9431
9/6/2016,88.9431
9/7/2016,88.923653
9/8/2016,88.923653
9/9/2016,88.9431
9/12/2016,88.904198
9/13/2016,88.923653
9/14/2016,88.923653
9/15/2016,88.923653
9/16/2016,88.923653
9/19/2016,88.923653
9/20/2016,88.923653
9/21/2016,88.923653
9/22/2016,88.9431
9/23/2016,88.9431
9/26/2016,88.9431
9/27/2016,88.923653
9/28/2016,88.923653
9/29/2016,88.923653
9/30/2016,88.9431
10/3/2016,88.923653
10/4/2016,88.9431
10/5/2016,88.9431
10/6/2016,88.9431
10/7/2016,88.9431
10/10/2016,88.9431
10/11/2016,88.923653
10/12/2016,88.9431
10/13/2016,88.923653
10/14/2016,88.923653
10/17/2016,88.923653
10/18/2016,88.923653
10/19/2016,88.9431
10/20/2016,88.923653
10/21/2016,88.923653
10/24/2016,88.923653
10/25/2016,88.923653
10/26/2016,88.9431
10/27/2016,88.923653
10/28/2016,88.9431
10/31/2016,88.96254
11/1/2016,88.9431
11/2/2016,88.96254
11/3/2016,88.9431
11/4/2016,88.96254
11/7/2016,88.9431
11/8/2016,88.96254
11/9/2016,88.923653
11/10/2016,88.923653
11/11/2016,88.884743
11/14/2016,88.923653
11/15/2016,88.9431
11/16/2016,88.9431
11/17/2016,88.96254
11/18/2016,88.9431
11/21/2016,88.923653
11/22/2016,88.923653
11/23/2016,88.923653
11/25/2016,88.9431
11/28/2016,88.923653
11/29/2016,88.923653
11/30/2016,88.923653
12/1/2016,88.964523
12/2/2016,88.945053
12/5/2016,88.945053
12/6/2016,88.964523
12/7/2016,88.964523
12/8/2016,88.964523
12/9/2016,88.964523
12/12/2016,88.945053
12/13/2016,88.964523
12/14/2016,88.964523
12/15/2016,88.964523
12/16/2016,88.945053
12/19/2016,88.964523
12/20/2016,88.945053
12/21/2016,88.964523
12/22/2016,88.945053
12/23/2016,88.945053
12/27/2016,88.964523
12/28/2016,88.962547
12/29/2016,88.982033
12/30/2016,88.943115
1/3/2017,88.982033
1/4/2017,88.982033
1/5/2017,88.962547
1/6/2017,88.982033
1/9/2017,88.982033
1/10/2017,88.962547
1/11/2017,88.982033
1/12/2017,88.982033
1/13/2017,88.982033
1/17/2017,88.982033
1/18/2017,88.962547
1/19/2017,88.962547
1/20/2017,88.982033
1/23/2017,88.962547
1/24/2017,88.962547
1/25/2017,88.982033
1/26/2017,89.00148
1/27/2017,88.962547
1/30/2017,89.00148
1/31/2017,88.982033
2/1/2017,88.987862
2/2/2017,88.987862
2/3/2017,88.968399
2/6/2017,89.007332
2/7/2017,89.007332
2/8/2017,89.007332
2/9/2017,89.007332
2/10/2017,88.987862
2/13/2017,88.987862
2/14/2017,89.007332
2/15/2017,88.987862
2/16/2017,88.987862
2/17/2017,89.007332
2/21/2017,88.987862
2/22/2017,88.987862
2/23/2017,88.987862
2/24/2017,88.987862
2/27/2017,88.987862
2/28/2017,89.026794
3/1/2017,88.991753
3/2/2017,88.991753
3/3/2017,89.011208
3/6/2017,89.030708
3/7/2017,88.991753
3/8/2017,88.991753
3/9/2017,88.991753
3/10/2017,89.011208
3/13/2017,88.991753
3/14/2017,88.991753
3/15/2017,89.011208
3/16/2017,89.030708
3/17/2017,89.030708
3/20/2017,89.011208
3/21/2017,89.030708
3/22/2017,89.030708
3/23/2017,89.011208
3/24/2017,89.030708
3/27/2017,89.030708
3/28/2017,89.030708
3/29/2017,89.030708
3/30/2017,89.030708
3/31/2017,89.011208
4/3/2017,89.01902
4/4/2017,89.01902
4/5/2017,89.01902
4/6/2017,89.01902
4/7/2017,89.01902
4/10/2017,89.01902
4/11/2017,89.038483
4/12/2017,89.01902
4/13/2017,89.038483
4/17/2017,89.038483
4/18/2017,89.057991
4/19/2017,89.057991
4/20/2017,89.057991
4/21/2017,89.057991
4/24/2017,89.038483
4/25/2017,89.038483
4/26/2017,89.057991
4/27/2017,89.038483
4/28/2017,89.077431
5/1/2017,89.071587
5/2/2017,89.052124
5/3/2017,89.052124
5/4/2017,89.071587
5/5/2017,89.052124
5/8/2017,89.071587
5/9/2017,89.071587
5/10/2017,89.091103
5/11/2017,89.091103
5/12/2017,89.071587
5/15/2017,89.091103
5/16/2017,89.091103
5/17/2017,89.110565
5/18/2017,89.110565
5/19/2017,89.091103
5/22/2017,89.110565
5/23/2017,89.110565
5/24/2017,89.091103
5/25/2017,89.110565
5/26/2017,89.130074
5/30/2017,89.091103
5/31/2017,89.091103
6/1/2017,89.124245
6/2/2017,89.104736
6/5/2017,89.124245
6/6/2017,89.104736
6/7/2017,89.143745
6/8/2017,89.124245
6/9/2017,89.143745
6/12/2017,89.124245
6/13/2017,89.143745
6/14/2017,89.124245
6/15/2017,89.124245
6/16/2017,89.163223
6/19/2017,89.143745
6/20/2017,89.143745
6/21/2017,89.163223
6/22/2017,89.182724
6/23/2017,89.163223
6/26/2017,89.143745
6/27/2017,89.143745
6/28/2017,89.182724
6/29/2017,89.163223
6/30/2017,89.182724
7/3/2017,89.192482
7/5/2017,89.172981
7/6/2017,89.192482
7/7/2017,89.192482
7/10/2017,89.192482
7/11/2017,89.192482
7/12/2017,89.172981
7/13/2017,89.172981
7/14/2017,89.21199
7/17/2017,89.192482
7/18/2017,89.192482
7/19/2017,89.192482
7/20/2017,89.192482
7/21/2017,89.192482
7/24/2017,89.192482
7/25/2017,89.192482
7/26/2017,89.21199
7/27/2017,89.231514
7/28/2017,89.21199
7/31/2017,89.21199
8/1/2017,89.23542
8/2/2017,89.254944
8/3/2017,89.254944
8/4/2017,89.254944
8/7/2017,89.254944
8/8/2017,89.254944
8/9/2017,89.254944
8/10/2017,89.254944
8/11/2017,89.27446
8/14/2017,89.254944
8/15/2017,89.27446
8/16/2017,89.254944
8/17/2017,89.27446
8/18/2017,89.254944
8/21/2017,89.27446
8/22/2017,89.293983
8/23/2017,89.293983
8/24/2017,89.293983
8/25/2017,89.27446
8/28/2017,89.293983
8/29/2017,89.293983
8/30/2017,89.293983
8/31/2017,89.313522
9/1/2017,89.319374
9/5/2017,89.280312
9/6/2017,89.319374
9/7/2017,89.319374
9/8/2017,89.299843
9/11/2017,89.299843
9/12/2017,89.338905
9/13/2017,89.338905
9/14/2017,89.319374
9/15/2017,89.319374
9/18/2017,89.319374
9/19/2017,89.358459
9/20/2017,89.358459
9/21/2017,89.358459
9/22/2017,89.358459
9/25/2017,89.358459
9/26/2017,89.358459
9/27/2017,89.358459
9/28/2017,89.338905
9/29/2017,89.377991
10/2/2017,89.381897
10/3/2017,89.381897
10/4/2017,89.36235
10/5/2017,89.381897
10/6/2017,89.36235
10/9/2017,89.36235
10/10/2017,89.36235
10/11/2017,89.36235
10/12/2017,89.401443
10/13/2017,89.401443
10/16/2017,89.381897
10/17/2017,89.401443
10/18/2017,89.401443
10/19/2017,89.401443
10/20/2017,89.42099
10/23/2017,89.401443
10/24/2017,89.440559
10/25/2017,89.440559
10/26/2017,89.440559
10/27/2017,89.440559
10/30/2017,89.42099
10/31/2017,89.440559
11/1/2017,89.450317
11/2/2017,89.430748
11/3/2017,89.430748
11/6/2017,89.450317
11/7/2017,89.450317
11/8/2017,89.450317
11/9/2017,89.430748
11/10/2017,89.450317
11/13/2017,89.450317
11/14/2017,89.450317
11/15/2017,89.450317
11/16/2017,89.469887
11/17/2017,89.450317
11/20/2017,89.469887
11/21/2017,89.489471
11/22/2017,89.489471
11/24/2017,89.469887
11/27/2017,89.469887
11/28/2017,89.509026
11/29/2017,89.489471
11/30/2017,89.489471
12/1/2017,89.495323
12/4/2017,89.505127
12/5/2017,89.514908
12/6/2017,89.505127
12/7/2017,89.514908
12/8/2017,89.524704
12/11/2017,89.514908
12/12/2017,89.524704
12/13/2017,89.514908
12/14/2017,89.524704
12/15/2017,89.534492
12/18/2017,89.544289
12/19/2017,89.546234
12/20/2017,89.546234
12/21/2017,89.546234
12/22/2017,89.565849
12/26/2017,89.55603
12/27/2017,89.575615
12/28/2017,89.575615
12/29/2017,89.55603
1/2/2018,89.565849
1/3/2018,89.585434
1/4/2018,89.595238
1/5/2018,89.595238
1/8/2018,89.605042
1/9/2018,89.605042
1/10/2018,89.605042
1/11/2018,89.595238
1/12/2018,89.624626
1/16/2018,89.605042
1/17/2018,89.624626
1/18/2018,89.624626
1/19/2018,89.63443
1/22/2018,89.644226
1/23/2018,89.644226
1/24/2018,89.654015
1/25/2018,89.654015
1/26/2018,89.673599
1/29/2018,89.654015
1/30/2018,89.663818
1/31/2018,89.673599
2/1/2018,89.669693
2/2/2018,89.679497
2/5/2018,89.669693
2/6/2018,89.679497
2/7/2018,89.689316
2/8/2018,89.679497
2/9/2018,89.699104
2/12/2018,89.699104
2/13/2018,89.699104
2/14/2018,89.699104
2/15/2018,89.708939
2/16/2018,89.718735
2/20/2018,89.718735
2/21/2018,89.708939
2/22/2018,89.718735
2/23/2018,89.738327
2/26/2018,89.718735
2/27/2018,89.738327
2/28/2018,89.748138
3/1/2018,89.756989
3/2/2018,89.766815
3/5/2018,89.766815
3/6/2018,89.766815
3/7/2018,89.766815
3/8/2018,89.756989
3/9/2018,89.776611
3/12/2018,89.786453
3/13/2018,89.786453
3/14/2018,89.786453
3/15/2018,89.776611
3/16/2018,89.796257
3/19/2018,89.796257
3/20/2018,89.786453
3/21/2018,89.806076
3/22/2018,89.815872
3/23/2018,89.825691
3/26/2018,89.815872
3/27/2018,89.83551
3/28/2018,89.845322
3/29/2018,89.864967
4/2/2018,89.860054
4/3/2018,89.850227
4/4/2018,89.869873
4/5/2018,89.8797
4/6/2018,89.8797
4/9/2018,89.889534
4/10/2018,89.8797
4/11/2018,89.899361
4/12/2018,89.899361
4/13/2018,89.899361
4/16/2018,89.918999
4/17/2018,89.918999
4/18/2018,89.909187
4/19/2018,89.928841
4/20/2018,89.928841
4/23/2018,89.928841
4/24/2018,89.938675
4/25/2018,89.948494
4/26/2018,89.958328
4/27/2018,89.96814
4/30/2018,89.958328
5/1/2018,89.96521
5/2/2018,89.97506
5/3/2018,89.97506
5/4/2018,89.994728
5/7/2018,89.994728
5/8/2018,90.00457
5/9/2018,90.00457
5/10/2018,90.00457
5/11/2018,90.00457
5/14/2018,90.00457
5/15/2018,90.024239
5/16/2018,90.034065
5/17/2018,90.034065
5/18/2018,90.043915
5/21/2018,90.043915
5/22/2018,90.043915
5/23/2018,90.053757
5/24/2018,90.073433
5/25/2018,90.08326
5/29/2018,90.08326
5/30/2018,90.073433
5/31/2018,90.093117
6/1/2018,90.09903
6/4/2018,90.108871
6/5/2018,90.108871
6/6/2018,90.09903
6/7/2018,90.108871
6/8/2018,90.128578
6/11/2018,90.13842
6/12/2018,90.13842
6/13/2018,90.128578
6/14/2018,90.158119
6/15/2018,90.158119
6/18/2018,90.148277
6/19/2018,90.167976
6/20/2018,90.158119
6/21/2018,90.167976
6/22/2018,90.177834
6/25/2018,90.197548
6/26/2018,90.187698
6/27/2018,90.20739
6/28/2018,90.20739
6/29/2018,90.227112
7/2/2018,90.214279
7/3/2018,90.234009
7/5/2018,90.234009
7/6/2018,90.253738
7/9/2018,90.253738
7/10/2018,90.263588
7/11/2018,90.263588
7/12/2018,90.263588
7/13/2018,90.273468
7/16/2018,90.283333
7/17/2018,90.283333
7/18/2018,90.293198
7/19/2018,90.30307
7/20/2018,90.312943
7/23/2018,90.30307
7/24/2018,90.3228
7/25/2018,90.312943
7/26/2018,90.3228
7/27/2018,90.342537
7/30/2018,90.332664
7/31/2018,90.352409
8/1/2018,90.357338
8/2/2018,90.36721
8/3/2018,90.36721
8/6/2018,90.377106
8/7/2018,90.386986
8/8/2018,90.377106
8/9/2018,90.386986
8/10/2018,90.406746
8/13/2018,90.416618
8/14/2018,90.396851
8/15/2018,90.416618
8/16/2018,90.416618
8/17/2018,90.426498
8/20/2018,90.426498
8/21/2018,90.436378
8/22/2018,90.436378
8/23/2018,90.466019
8/24/2018,90.466019
8/27/2018,90.475914
8/28/2018,90.475914
8/29/2018,90.466019
8/30/2018,90.505539
8/31/2018,90.495667
9/4/2018,90.503571
9/5/2018,90.493683
9/6/2018,90.513481
9/7/2018,90.533257
9/10/2018,90.533257
9/11/2018,90.543167
9/12/2018,90.543167
9/13/2018,90.543167
9/14/2018,90.553055
9/17/2018,90.572845
9/18/2018,90.572845
9/19/2018,90.572845
9/20/2018,90.592644
9/21/2018,90.592644
9/24/2018,90.602531
9/25/2018,90.602531
9/26/2018,90.602531
9/27/2018,90.622322
9/28/2018,90.622322
10/1/2018,90.628273
10/2/2018,90.638176
10/3/2018,90.638176
10/4/2018,90.65802
10/5/2018,90.667923
10/8/2018,90.667923
10/9/2018,90.65802
10/10/2018,90.677826
10/11/2018,90.687737
10/12/2018,90.687737
10/15/2018,90.697647
10/16/2018,90.707558
10/17/2018,90.707558
10/18/2018,90.707558
10/19/2018,90.717476
10/22/2018,90.737297
10/23/2018,90.737297
10/24/2018,90.747208
10/25/2018,90.757118
10/26/2018,90.767021
10/29/2018,90.767021
10/30/2018,90.767021
10/31/2018,90.776939
11/1/2018,90.796799
11/2/2018,90.796799
11/5/2018,90.806732
11/6/2018,90.806732
11/7/2018,90.816658
11/8/2018,90.826569
11/9/2018,90.846436
11/12/2018,90.83651
11/13/2018,90.846436
11/14/2018,90.83651
11/15/2018,90.866295
11/16/2018,90.876221
11/19/2018,90.866295
11/20/2018,90.886147
11/21/2018,90.906006
11/23/2018,90.906006
11/26/2018,90.915924
11/27/2018,90.915924
11/28/2018,90.92585
11/29/2018,90.935783
11/30/2018,90.945717
12/3/2018,90.942726
12/4/2018,90.952675
12/6/2018,90.972565
12/7/2018,90.982498
12/10/2018,90.992455
12/11/2018,90.982498
12/12/2018,91.002403
12/13/2018,91.012337
12/14/2018,91.022285
12/17/2018,91.032234
12/18/2018,91.032234
12/19/2018,91.02227
12/20/2018,91.042191
12/21/2018,91.062119
12/24/2018,91.072075
12/26/2018,91.062119
12/27/2018,91.092003
12/28/2018,91.101959
12/31/2018,91.111923
1/2/2019,91.101959
1/3/2019,91.131851
1/4/2019,91.141808
1/7/2019,91.141808
1/8/2019,91.141808
1/9/2019,91.141808
1/10/2019,91.151772
1/11/2019,91.171692
1/14/2019,91.161736
1/15/2019,91.181656
1/16/2019,91.191628
1/17/2019,91.21154
1/18/2019,91.21154
1/22/2019,91.221504
1/23/2019,91.221504
1/24/2019,91.251389
1/25/2019,91.241425
1/28/2019,91.251389
1/29/2019,91.251389
1/30/2019,91.271317
1/31/2019,91.271317
2/1/2019,91.280296
2/4/2019,91.290276
2/5/2019,91.290276
2/6/2019,91.310249
2/7/2019,91.310249
2/8/2019,91.330208
2/11/2019,91.320221
2/12/2019,91.340187
2/13/2019,91.340187
2/14/2019,91.360146
2/15/2019,91.360146
2/19/2019,91.380119
2/20/2019,91.380119
2/21/2019,91.390091
2/22/2019,91.410057
2/25/2019,91.400078
2/26/2019,91.410057
2/27/2019,91.420036
2/28/2019,91.440002
3/1/2019,91.449997
3/4/2019,91.440002
3/5/2019,91.449997
3/6/2019,91.459999
3/7/2019,91.480003
3/8/2019,91.489998
3/11/2019,91.489998
3/12/2019,91.5
3/13/2019,91.510002
3/14/2019,91.510002
3/15/2019,91.519997
3/18/2019,91.529999
3/19/2019,91.529999
3/20/2019,91.529999
3/21/2019,91.559998
3/22/2019,91.559998
3/25/2019,91.559998
3/26/2019,91.57
3/27/2019,91.580002
3/28/2019,91.599998
3/29/2019,91.599998
